PRAGMA foreign_keys=ON;


insert into person (name, nif, telephone, birthdate, email) values ('Lizabeth', 608398666, 967202459, '1985-01-11', 'lkeuning0@irs.gov');
insert into person (name, nif, telephone, birthdate, email) values ('Alikee', 996718319, 954370511, '1963-09-13', 'adyson1@alibaba.com');
insert into person (name, nif, telephone, birthdate, email) values ('Panchito', 923873694, 939312677, '1977-05-22', 'passante2@shop-pro.jp');
insert into person (name, nif, telephone, birthdate, email) values ('Eilis', 946132312, 961286171, '1982-02-10', 'escaice3@ebay.co.uk');
insert into person (name, nif, telephone, birthdate, email) values ('Sharai', 401118441, 958826546, '1999-03-26', 'sbernardoni4@lulu.com');
insert into person (name, nif, telephone, birthdate, email) values ('Kellyann', 414339094, 965851613, '1958-01-04', 'kyegorovnin5@bigcartel.com');
insert into person (name, nif, telephone, birthdate, email) values ('Tabor', 539378403, 966865892, '1954-02-20', 'tmcgourty6@youku.com');
insert into person (name, nif, telephone, birthdate, email) values ('Bald', 362363330, 966938839, '1989-04-26', 'bduckels7@fastcompany.com');
insert into person (name, nif, telephone, birthdate, email) values ('Jacquelin', 192966866, 935246885, '1956-03-21', 'jkerbey8@gizmodo.com');
insert into person (name, nif, telephone, birthdate, email) values ('Abbe', 695657457, 965710388, '1953-09-01', 'atoolan9@ucsd.edu');
insert into person (name, nif, telephone, birthdate, email) values ('Brittani', 900621209, 954244131, '1973-05-12', 'bdabelsa@quantcast.com');
insert into person (name, nif, telephone, birthdate, email) values ('Raf', 778558065, 966285055, '1959-06-29', 'rcrosskellb@chronoengine.com');
insert into person (name, nif, telephone, birthdate, email) values ('Keir', 239794491, 923666463, '1999-05-23', 'kuglowc@vinaora.com');
insert into person (name, nif, telephone, birthdate, email) values ('Selby', 165105411, 954339804, '1953-10-04', 'sdruittd@google.com.br');
insert into person (name, nif, telephone, birthdate, email) values ('Aloin', 488525435, 968486813, '1988-01-10', 'abodocse@theglobeandmail.com');
insert into person (name, nif, telephone, birthdate, email) values ('Emlen', 113537035, 942148732, '1956-03-21', 'edermottf@over-blog.com');
insert into person (name, nif, telephone, birthdate, email) values ('Lucine', 575233407, 952450684, '1955-01-31', 'ljoskovitchg@harvard.edu');
insert into person (name, nif, telephone, birthdate, email) values ('Lauryn', 445805358, 928469493, '1958-11-10', 'lloberh@independent.co.uk');
insert into person (name, nif, telephone, birthdate, email) values ('Elwyn', 624868800, 920639082, '1951-02-06', 'erawsthorni@about.me');
insert into person (name, nif, telephone, birthdate, email) values ('Wren', 503819604, 922575091, '1979-05-09', 'wsireyj@dot.gov');
insert into person (name, nif, telephone, birthdate, email) values ('Wren', 519560029, 968749755, '1965-06-15', 'wmanthorpek@taobao.com');
insert into person (name, nif, telephone, birthdate, email) values ('Josiah', 999542444, 954892739, '1960-10-05', 'jfrenschel@rediff.com');
insert into person (name, nif, telephone, birthdate, email) values ('Frederigo', 139528863, 941912491, '1965-12-08', 'fhartrightm@vistaprint.com');
insert into person (name, nif, telephone, birthdate, email) values ('Minta', 629254076, 947175824, '1985-01-28', 'mwilbrahamn@ycombinator.com');
insert into person (name, nif, telephone, birthdate, email) values ('Marion', 571981382, 941134212, '1963-03-30', 'mjessepo@google.it');
insert into person (name, nif, telephone, birthdate, email) values ('Shepard', 575163945, 941350345, '1989-04-12', 'sbillinghamp@squarespace.com');
insert into person (name, nif, telephone, birthdate, email) values ('Reg', 392346634, 928263045, '1980-01-27', 'rbuttonq@webnode.com');
insert into person (name, nif, telephone, birthdate, email) values ('Marley', 507992194, 936150028, '1979-05-28', 'mphalpr@discovery.com');
insert into person (name, nif, telephone, birthdate, email) values ('Sibilla', 982323173, 957776111, '1972-04-02', 'sbattanys@kickstarter.com');
insert into person (name, nif, telephone, birthdate, email) values ('Colene', 963986918, 936400008, '1990-06-15', 'cmeddickt@biblegateway.com');
insert into person (name, nif, telephone, birthdate, email) values ('Ashely', 248446940, 921859994, '1984-09-19', 'ateresiu@xrea.com');
insert into person (name, nif, telephone, birthdate, email) values ('Ainslie', 314576804, 966387012, '1970-03-19', 'achittemv@infoseek.co.jp');
insert into person (name, nif, telephone, birthdate, email) values ('Lula', 247065352, 962505381, '1951-07-12', 'ldiscombew@forbes.com');
insert into person (name, nif, telephone, birthdate, email) values ('Heindrick', 760824727, 926419095, '1966-07-01', 'hstobiex@businessinsider.com');
insert into person (name, nif, telephone, birthdate, email) values ('Ema', 306923361, 928282480, '1961-04-29', 'ecalany@wikimedia.org');
insert into person (name, nif, telephone, birthdate, email) values ('Steffie', 828087312, 968799400, '1988-08-10', 'sinsealz@techcrunch.com');
insert into person (name, nif, telephone, birthdate, email) values ('Bondon', 291585257, 931602104, '1965-08-01', 'btern10@trellian.com');
insert into person (name, nif, telephone, birthdate, email) values ('Karlik', 362035745, 922081723, '1978-09-22', 'kbroadbury11@bigcartel.com');
insert into person (name, nif, telephone, birthdate, email) values ('Jesse', 846339908, 923624465, '1986-03-20', 'jpillans12@istockphoto.com');
insert into person (name, nif, telephone, birthdate, email) values ('Shepherd', 470224604, 938790567, '1977-01-28', 'sgrowy13@multiply.com');
insert into person (name, nif, telephone, birthdate, email) values ('Carlos', 967953586, 939679915, '1962-04-14', 'clarrad14@harvard.edu');
insert into person (name, nif, telephone, birthdate, email) values ('Reg', 450995592, 964049202, '1989-03-13', 'rkem15@smugmug.com');
insert into person (name, nif, telephone, birthdate, email) values ('Iosep', 714396388, 953679495, '1990-01-10', 'ikembry16@oakley.com');
insert into person (name, nif, telephone, birthdate, email) values ('Roseline', 281704342, 944368822, '1960-11-06', 'rjansens17@moonfruit.com');
insert into person (name, nif, telephone, birthdate, email) values ('Gwendolin', 937660681, 966893899, '1952-04-23', 'gcarrington18@constantcontact.com');
insert into person (name, nif, telephone, birthdate, email) values ('Ikey', 289298525, 956350898, '1956-05-10', 'iyakubov19@opensource.org');
insert into person (name, nif, telephone, birthdate, email) values ('Patience', 604471066, 955095013, '1980-12-29', 'ppetkens1a@webnode.com');
insert into person (name, nif, telephone, birthdate, email) values ('Wayland', 642020664, 935389575, '1962-05-03', 'wbiaggi1b@sogou.com');
insert into person (name, nif, telephone, birthdate, email) values ('Sunny', 374351659, 935573043, '1991-09-21', 'sattwoull1c@moonfruit.com');
insert into person (name, nif, telephone, birthdate, email) values ('Town', 160840180, 966140265, '1985-10-20', 'tbramham1d@mozilla.org');
insert into person (name, nif, telephone, birthdate, email) values ('Jeffrey', 148573091, 941108896, '1964-08-05', 'jreavey1e@lulu.com');
insert into person (name, nif, telephone, birthdate, email) values ('Clyve', 509664099, 967971013, '1967-05-02', 'cgripton1f@histats.com');
insert into person (name, nif, telephone, birthdate, email) values ('Damien', 611365077, 946357217, '1976-02-28', 'dmcgrowther1g@adobe.com');
insert into person (name, nif, telephone, birthdate, email) values ('Marta', 185252673, 960053426, '1987-05-13', 'mwhether1h@hc360.com');
insert into person (name, nif, telephone, birthdate, email) values ('Alphonse', 533516103, 940800281, '1958-07-01', 'acumes1i@reddit.com');
insert into person (name, nif, telephone, birthdate, email) values ('Eduino', 250566888, 953511897, '1960-01-12', 'emacginney1j@linkedin.com');
insert into person (name, nif, telephone, birthdate, email) values ('Ravi', 213892067, 929276529, '1973-02-22', 'rsteere1k@zdnet.com');
insert into person (name, nif, telephone, birthdate, email) values ('Suzy', 248013229, 953298569, '1993-03-23', 'scribbott1l@whitehouse.gov');
insert into person (name, nif, telephone, birthdate, email) values ('Alberto', 720359817, 939202926, '2000-03-01', 'apethrick1m@oracle.com');
insert into person (name, nif, telephone, birthdate, email) values ('Morten', 843122872, 937024601, '1976-11-17', 'mokenny1n@mtv.com');

insert into client (id, hash_password) values (1, 'fa60cade9dd68117a0ca05ab7090a94c');
insert into client (id, hash_password) values (2, 'e46dd9deb835f0187babb9b4d901a1f0');
insert into client (id, hash_password) values (3, 'ed302722e94d4a6accfa5283649e1cdb');
insert into client (id, hash_password) values (4, '02722b1c916be6194a12ea1086be3a02');
insert into client (id, hash_password) values (5, 'fcb0a2c9475becdbb7d1a4ee354bb473');
insert into client (id, hash_password) values (6, '8d0a128d390b0bac95624eaba61b0fa5');
insert into client (id, hash_password) values (7, '02ccdf81a10486b2e5a76686cc4165ff');
insert into client (id, hash_password) values (8, '53ebbc85ade0cfbc5ca9b79e6dfa13c4');
insert into client (id, hash_password) values (9, 'bf6d119d8dbcd1f96f62f61e24ae476b');
insert into client (id, hash_password) values (10, 'a93b9a8f3070a784c9a5f1cfe46945c1');
insert into client (id, hash_password) values (11, 'e5ff71dd6fa4a3a010c1650cbd4fadf6');
insert into client (id, hash_password) values (12, 'f843fb284dc262962841a4153aebe24e');
insert into client (id, hash_password) values (13, '315e57aa16b964fd94825b818a0b89aa');
insert into client (id, hash_password) values (14, 'b9ce60808973afcb23226d04056a7dca');
insert into client (id, hash_password) values (15, '74a4be97f5ba274a0f36b8e3a455e413');
insert into client (id, hash_password) values (16, '8eaa32a1adbc1d840276eee97e6c8286');
insert into client (id, hash_password) values (17, '6aef5d367e51b850b2013c1f880b6beb');
insert into client (id, hash_password) values (18, 'b57988832a2457ec0fe1954cbce4a439');
insert into client (id, hash_password) values (19, 'eebb60a6a4c643b49eec913ccb348a30');
insert into client (id, hash_password) values (20, '20903c59d5da6379108ffb9fb395f8fb');
insert into client (id, hash_password) values (21, '4461a5c418d47c7c2abf78af831cc875');
insert into client (id, hash_password) values (22, '0e88560d97bb7f5473780bdc9998375e');
insert into client (id, hash_password) values (23, '8081d87e3b28380e7aa52a50638f170b');
insert into client (id, hash_password) values (24, '7d7cdac4e167b84462814b1fee09aef8');
insert into client (id, hash_password) values (25, 'b130141788afe19c96aee160e2a96540');
insert into client (id, hash_password) values (26, '930c447339f73ad6961762b2b5944f67');
insert into client (id, hash_password) values (27, '758a48b0c885956843f775b964336163');
insert into client (id, hash_password) values (28, '6807c9e973937dd810f1d4bcfc39848d');
insert into client (id, hash_password) values (29, '3e1bece41bc786cfdda81a19cd73068b');
insert into client (id, hash_password) values (30, '0728cefbf7e2c3806c64cf463e565dc3');

insert into employee (id, salary, weekly_hours) values (31, 2239, 10);
insert into employee (id, salary, weekly_hours) values (32, 1838, 34);
insert into employee (id, salary, weekly_hours) values (33, 1665, 20);
insert into employee (id, salary, weekly_hours) values (34, 864, 10);
insert into employee (id, salary, weekly_hours) values (35, 1629, 32);
insert into employee (id, salary, weekly_hours) values (36, 2036, 10);
insert into employee (id, salary, weekly_hours) values (37, 3929, 11);
insert into employee (id, salary, weekly_hours) values (38, 3880, 30);
insert into employee (id, salary, weekly_hours) values (39, 1085, 10);
insert into employee (id, salary, weekly_hours) values (40, 2628, 10);
insert into employee (id, salary, weekly_hours) values (41, 3182, 36);
insert into employee (id, salary, weekly_hours) values (42, 2510, 18);
insert into employee (id, salary, weekly_hours) values (43, 789, 28);
insert into employee (id, salary, weekly_hours) values (44, 1512, 37);
insert into employee (id, salary, weekly_hours) values (45, 3510, 18);
insert into employee (id, salary, weekly_hours) values (46, 814, 21);
insert into employee (id, salary, weekly_hours) values (47, 563, 18);
insert into employee (id, salary, weekly_hours) values (48, 2361, 38);
insert into employee (id, salary, weekly_hours) values (49, 2117, 16);
insert into employee (id, salary, weekly_hours) values (50, 957, 29);
insert into employee (id, salary, weekly_hours) values (51, 3774, 14);
insert into employee (id, salary, weekly_hours) values (52, 1357, 20);
insert into employee (id, salary, weekly_hours) values (53, 1837, 18);
insert into employee (id, salary, weekly_hours) values (54, 1982, 35);
insert into employee (id, salary, weekly_hours) values (55, 906, 15);
insert into employee (id, salary, weekly_hours) values (56, 3449, 22);
insert into employee (id, salary, weekly_hours) values (57, 3129, 31);
insert into employee (id, salary, weekly_hours) values (58, 1865, 15);
insert into employee (id, salary, weekly_hours) values (59, 987, 32);
insert into employee (id, salary, weekly_hours) values (60, 2433, 40);

insert into cart (client_id) values(1);
insert into cart (client_id) values(2);
insert into cart (client_id) values(3);
insert into cart (client_id) values(4);
insert into cart (client_id) values(5);
insert into cart (client_id) values(6);
insert into cart (client_id) values(7);
insert into cart (client_id) values(8);
insert into cart (client_id) values(9);
insert into cart (client_id) values(10);

insert into product (name, price, description) values ('Thyme - Lemon, Fresh', 76.07, 'Reverse-engineered value-added capacity');
insert into product (name, price, description) values ('Fish - Base, Bouillion', 41.72, 'Synergized discrete core');
insert into product (name, price, description) values ('Basil - Pesto Sauce', 57.27, 'Synchronised radical concept');
insert into product (name, price, description) values ('Halibut - Steaks', 55.71, 'Organic dynamic toolset');
insert into product (name, price, description) values ('Squash - Butternut', 1.9, 'Business-focused empowering emulation');
insert into product (name, price, description) values ('Tart - Pecan Butter Squares', 131.17, 'Cloned exuding monitoring');
insert into product (name, price, description) values ('Parasol Pick Stir Stick', 93.69, 'Seamless explicit service-desk');
insert into product (name, price, description) values ('Beef - Roasted, Cooked', 49.84, 'Object-based bi-directional productivity');
insert into product (name, price, description) values ('Oil - Olive Bertolli', 16.2, 'User-friendly maximized flexibility');
insert into product (name, price, description) values ('Sea Bass - Fillets', 86.21, 'Optional analyzing infrastructure');
insert into product (name, price, description) values ('Cake - Sheet Strawberry', 105.47, 'Decentralized homogeneous encoding');
insert into product (name, price, description) values ('Pail - 4l White, With Handle', 154.28, 'Upgradable fresh-thinking core');
insert into product (name, price, description) values ('Mousse - Passion Fruit', 26.63, 'Compatible multimedia standardization');
insert into product (name, price, description) values ('Lumpfish Black', 48.2, 'Managed 3rd generation core');
insert into product (name, price, description) values ('Chips Potato Swt Chilli Sour', 75.07, 'User-centric system-worthy methodology');
insert into product (name, price, description) values ('Island Oasis - Sweet And Sour Mix', 186.45, 'Upgradable client-driven monitoring');
insert into product (name, price, description) values ('Garbage Bags - Clear', 98.98, 'Polarised upward-trending monitoring');
insert into product (name, price, description) values ('Prunes - Pitted', 6.67, 'Mandatory contextually-based algorithm');
insert into product (name, price, description) values ('Juice - Orange 1.89l', 144.98, 'User-centric coherent internet solution');
insert into product (name, price, description) values ('Chips Potato All Dressed - 43g', 129.37, 'Upgradable homogeneous moratorium');
insert into product (name, price, description) values ('Puree - Raspberry', 6.24, 'Function-based scalable knowledge user');
insert into product (name, price, description) values ('Dehydrated Kelp Kombo', 106.16, 'Inverse maximized concept');
insert into product (name, price, description) values ('Crab - Soft Shell', 165.42, 'Automated 3rd generation toolset');
insert into product (name, price, description) values ('Cream - 10%', 28.23, 'Reduced actuating algorithm');
insert into product (name, price, description) values ('Wine - Segura Viudas Aria Brut', 87.01, 'User-centric explicit implementation');
insert into product (name, price, description) values ('Cheese - Mix', 98.84, 'Triple-buffered multi-tasking throughput');
insert into product (name, price, description) values ('Cherries - Frozen', 25.24, 'Open-source asymmetric application');
insert into product (name, price, description) values ('Pickerel - Fillets', 95.27, 'Adaptive regional utilisation');
insert into product (name, price, description) values ('Beer - Guiness', 132.53, 'User-friendly multi-state intranet');
insert into product (name, price, description) values ('Chinese Lemon Pork', 141.36, 'Vision-oriented executive application');
insert into product (name, price, description) values ('Cotton Wet Mop 16 Oz', 79.09, 'Object-based neutral circuit');
insert into product (name, price, description) values ('Shrimp - Baby, Cold Water', 83.69, 'Devolved composite knowledge base');
insert into product (name, price, description) values ('Food Colouring - Orange', 187.27, 'Open-architected bottom-line matrix');
insert into product (name, price, description) values ('Foil - 4oz Custard Cup', 23.46, 'Total composite encoding');
insert into product (name, price, description) values ('Ginger - Ground', 59.58, 'Face to face attitude-oriented flexibility');
insert into product (name, price, description) values ('Kellogs All Bran Bars', 147.33, 'Front-line dedicated matrices');
insert into product (name, price, description) values ('Sobe - Berry Energy', 61.0, 'Organic national functionalities');
insert into product (name, price, description) values ('Table Cloth 144x90 White', 17.56, 'Phased neutral algorithm');
insert into product (name, price, description) values ('Nut - Walnut, Chopped', 159.3, 'Multi-layered neutral knowledge base');
insert into product (name, price, description) values ('Salmon - Canned', 133.18, 'Pre-emptive tertiary adapter');
insert into product (name, price, description) values ('Nut - Walnut, Pieces', 94.8, 'User-centric context-sensitive algorithm');
insert into product (name, price, description) values ('Wine - Champagne Brut Veuve', 143.62, 'Persevering next generation circuit');
insert into product (name, price, description) values ('Lid - Translucent, 3.5 And 6 Oz', 46.47, 'Balanced asymmetric utilisation');
insert into product (name, price, description) values ('Cheese - Asiago', 143.94, 'Right-sized systemic benchmark');
insert into product (name, price, description) values ('Bread - Multigrain', 39.87, 'Distributed neutral policy');
insert into product (name, price, description) values ('Pepper - Scotch Bonnet', 99.23, 'Fundamental full-range system engine');
insert into product (name, price, description) values ('Sugar - Brown, Individual', 62.0, 'Persistent optimal local area network');
insert into product (name, price, description) values ('White Fish - Filets', 79.25, 'Synergized leading edge definition');
insert into product (name, price, description) values ('Bacardi Limon', 36.89, 'Devolved local Graphic Interface');
insert into product (name, price, description) values ('Wine - Riesling Dr. Pauly', 53.24, 'Enterprise-wide 24 hour capacity');
insert into product (name, price, description) values ('Extract - Rum', 137.03, 'Open-source multi-tasking forecast');
insert into product (name, price, description) values ('Pastry - Cherry Danish - Mini', 48.26, 'Business-focused encompassing superstructure');
insert into product (name, price, description) values ('Quail - Jumbo', 104.8, 'Switchable zero tolerance frame');
insert into product (name, price, description) values ('Beer - Paulaner Hefeweisse', 179.8, 'Optimized stable success');
insert into product (name, price, description) values ('Juice - Lemon', 129.85, 'Multi-channelled intermediate neural-net');
insert into product (name, price, description) values ('Edible Flower - Mixed', 48.86, 'Multi-channelled transitional local area network');
insert into product (name, price, description) values ('Wine - Red, Gallo, Merlot', 174.74, 'Face to face empowering superstructure');
insert into product (name, price, description) values ('Lid - High Heat, Super Clear', 158.5, 'Total tangible forecast');
insert into product (name, price, description) values ('Veal - Brisket, Provimi,bnls', 86.08, 'Quality-focused hybrid website');
insert into product (name, price, description) values ('Sage - Fresh', 152.63, 'Multi-lateral 24 hour challenge');
insert into product (name, price, description) values ('Crab - Back Fin Meat, Canned', 186.18, 'Switchable full-range benchmark');
insert into product (name, price, description) values ('Cod - Salted, Boneless', 66.97, 'Face to face optimizing strategy');
insert into product (name, price, description) values ('Tomatoes - Heirloom', 116.32, 'Reduced logistical neural-net');
insert into product (name, price, description) values ('Hagen Daza - Dk Choocolate', 51.44, 'Multi-channelled content-based capability');
insert into product (name, price, description) values ('Beer - Camerons Cream Ale', 145.16, 'Horizontal stable synergy');
insert into product (name, price, description) values ('Banana - Green', 185.05, 'Optimized contextually-based Graphical User Interface');
insert into product (name, price, description) values ('Tea Peppermint', 66.2, 'Pre-emptive attitude-oriented moderator');
insert into product (name, price, description) values ('Mangostein', 78.54, 'Profit-focused local hierarchy');
insert into product (name, price, description) values ('Beer - Tetleys', 41.63, 'Ergonomic intangible complexity');
insert into product (name, price, description) values ('Chip - Potato Dill Pickle', 65.48, 'Innovative static structure');
insert into product (name, price, description) values ('Wine - Cava Aria Estate Brut', 7.13, 'Assimilated systematic leverage');
insert into product (name, price, description) values ('Crab - Soft Shell', 98.79, 'Quality-focused national installation');
insert into product (name, price, description) values ('Coffee - Almond Amaretto', 194.32, 'Programmable empowering alliance');
insert into product (name, price, description) values ('Cheese - Brie Roitelet', 141.48, 'Front-line hybrid artificial intelligence');
insert into product (name, price, description) values ('Beans - Soya Bean', 191.09, 'Innovative human-resource monitoring');
insert into product (name, price, description) values ('Urban Zen Drinks', 119.91, 'Monitored system-worthy Graphic Interface');
insert into product (name, price, description) values ('Lobster - Tail 6 Oz', 138.88, 'Extended high-level database');
insert into product (name, price, description) values ('Beef - Texas Style Burger', 180.18, 'Progressive hybrid hardware');
insert into product (name, price, description) values ('Pasta - Fett Alfredo, Single Serve', 112.1, 'Open-architected systemic functionalities');
insert into product (name, price, description) values ('Squash - Butternut', 5.04, 'Polarised cohesive software');
insert into product (name, price, description) values ('Pork - Smoked Kassler', 165.97, 'Universal executive secured line');
insert into product (name, price, description) values ('Syrup - Golden, Lyles', 117.19, 'Centralized logistical benchmark');
insert into product (name, price, description) values ('Sprouts - Peppercress', 129.8, 'Business-focused multimedia website');
insert into product (name, price, description) values ('Shopper Bag - S - 4', 88.17, 'Automated incremental task-force');
insert into product (name, price, description) values ('Chips - Potato Jalapeno', 131.76, 'Seamless intermediate framework');
insert into product (name, price, description) values ('Arizona - Plum Green Tea', 2.47, 'Customer-focused encompassing extranet');
insert into product (name, price, description) values ('Bread - Raisin', 194.66, 'Self-enabling next generation model');
insert into product (name, price, description) values ('Oranges - Navel, 72', 181.39, 'Switchable system-worthy monitoring');
insert into product (name, price, description) values ('Beef - Baby, Liver', 14.74, 'Decentralized secondary intranet');
insert into product (name, price, description) values ('Raisin - Dark', 127.93, 'Intuitive web-enabled open architecture');
insert into product (name, price, description) values ('Turkey - Breast, Boneless Sk On', 162.18, 'Persistent motivating encryption');
insert into product (name, price, description) values ('Rum - Cream, Amarula', 164.96, 'Innovative multi-tasking model');
insert into product (name, price, description) values ('Cookies - Oreo, 4 Pack', 147.85, 'Cloned multimedia emulation');
insert into product (name, price, description) values ('Coffee Guatemala Dark', 184.47, 'Public-key even-keeled challenge');
insert into product (name, price, description) values ('Nut - Chestnuts, Whole', 10.82, 'Streamlined high-level support');
insert into product (name, price, description) values ('Pate - Peppercorn', 29.09, 'Secured intermediate pricing structure');
insert into product (name, price, description) values ('Pork - Side Ribs', 37.32, 'Right-sized radical matrix');
insert into product (name, price, description) values ('Pineapple - Regular', 77.51, 'Future-proofed intermediate interface');
insert into product (name, price, description) values ('Rum - Dark, Bacardi, Black', 153.37, 'Virtual eco-centric forecast');
insert into product (name, price, description) values ('Wine - Fume Blanc Fetzer', 110.58, 'Inverse object-oriented Graphical User Interface');
insert into product (name, price, description) values ('Lady Fingers', 15.09, 'Realigned zero tolerance support');
insert into product (name, price, description) values ('Chestnuts - Whole,canned', 161.84, 'Enhanced leading edge ability');
insert into product (name, price, description) values ('Persimmons', 52.84, 'Integrated full-range system engine');
insert into product (name, price, description) values ('Sea Bass - Fillets', 95.02, 'Enterprise-wide directional database');
insert into product (name, price, description) values ('Tomatoes - Cherry', 147.78, 'Multi-tiered secondary concept');
insert into product (name, price, description) values ('Veal - Leg', 9.8, 'Quality-focused content-based analyzer');
insert into product (name, price, description) values ('Sausage - Blood Pudding', 142.27, 'Advanced zero tolerance throughput');
insert into product (name, price, description) values ('Shrimp - Tiger 21/25', 186.33, 'Programmable static adapter');
insert into product (name, price, description) values ('Lychee - Canned', 131.6, 'Multi-channelled bandwidth-monitored hub');
insert into product (name, price, description) values ('Muffin Mix - Blueberry', 133.07, 'Streamlined discrete hardware');
insert into product (name, price, description) values ('Truffle - Peelings', 102.93, 'Ergonomic tertiary solution');
insert into product (name, price, description) values ('Spice - Montreal Steak Spice', 131.54, 'Synergistic national contingency');
insert into product (name, price, description) values ('Corn - On The Cob', 86.63, 'Polarised multi-tasking array');
insert into product (name, price, description) values ('Cheese - Pont Couvert', 114.44, 'Vision-oriented web-enabled help-desk');
insert into product (name, price, description) values ('Beef - Tongue, Cooked', 140.15, 'Secured even-keeled analyzer');
insert into product (name, price, description) values ('Cod - Fillets', 92.51, 'Ameliorated mission-critical productivity');
insert into product (name, price, description) values ('Bread - Petit Baguette', 172.55, 'Adaptive real-time alliance');
insert into product (name, price, description) values ('Wine - Chardonnay South', 168.69, 'Horizontal fault-tolerant firmware');
insert into product (name, price, description) values ('Tea - Green', 192.82, 'Upgradable full-range projection');
insert into product (name, price, description) values ('Wine - Muscadet Sur Lie', 51.62, 'Vision-oriented cohesive core');
insert into product (name, price, description) values ('Calypso - Lemonade', 23.06, 'Networked next generation strategy');
insert into product (name, price, description) values ('Berry Brulee', 188.75, 'User-centric systemic definition');
insert into product (name, price, description) values ('Bread - Roll, Calabrese', 121.52, 'Object-based optimal customer loyalty');
insert into product (name, price, description) values ('Cup - 6oz, Foam', 9.98, 'Re-engineered national synergy');
insert into product (name, price, description) values ('Dip - Tapenade', 108.46, 'Optimized 6th generation time-frame');
insert into product (name, price, description) values ('Cheese - Sheep Milk', 159.93, 'Monitored next generation approach');
insert into product (name, price, description) values ('Lamb - Rack', 77.84, 'Polarised multi-state superstructure');
insert into product (name, price, description) values ('Lid - 0090 Clear', 22.39, 'Business-focused encompassing collaboration');
insert into product (name, price, description) values ('Loquat', 134.07, 'Open-source web-enabled success');
insert into product (name, price, description) values ('Longos - Chicken Curried', 169.31, 'Polarised motivating matrices');
insert into product (name, price, description) values ('Dc - Sakura Fu', 120.4, 'Virtual logistical local area network');
insert into product (name, price, description) values ('Berry Brulee', 180.35, 'Quality-focused actuating secured line');
insert into product (name, price, description) values ('Tortillas - Flour, 10', 154.08, 'Configurable even-keeled neural-net');
insert into product (name, price, description) values ('Paper Cocktail Umberlla 80 - 180', 135.05, 'Team-oriented bi-directional firmware');
insert into product (name, price, description) values ('Wine - Dubouef Macon - Villages', 180.98, 'Reverse-engineered dedicated Graphical User Interface');
insert into product (name, price, description) values ('Lemon Pepper', 27.53, 'Upgradable empowering definition');
insert into product (name, price, description) values ('Cookies Almond Hazelnut', 15.51, 'Ergonomic motivating info-mediaries');
insert into product (name, price, description) values ('Lid - 0090 Clear', 160.2, 'User-centric user-facing knowledge base');
insert into product (name, price, description) values ('Turkey - Breast, Boneless Sk On', 57.03, 'Monitored clear-thinking archive');
insert into product (name, price, description) values ('Wine - Red, Mouton Cadet', 26.37, 'User-friendly empowering projection');
insert into product (name, price, description) values ('Rambutan', 131.11, 'Team-oriented 24 hour local area network');
insert into product (name, price, description) values ('Truffle Cups Green', 138.34, 'Polarised directional neural-net');
insert into product (name, price, description) values ('Napkin - Dinner, White', 82.03, 'Public-key client-driven portal');
insert into product (name, price, description) values ('Foam Cup 6 Oz', 148.26, 'Networked object-oriented matrices');
insert into product (name, price, description) values ('Fish - Bones', 36.69, 'Self-enabling dynamic toolset');
insert into product (name, price, description) values ('Chilli Paste, Hot Sambal Oelek', 56.65, 'Face to face local hierarchy');
insert into product (name, price, description) values ('Gatorade - Xfactor Berry', 78.67, 'Seamless asymmetric infrastructure');
insert into product (name, price, description) values ('Arctic Char - Fillets', 105.25, 'Profound clear-thinking framework');
insert into product (name, price, description) values ('Assorted Desserts', 33.48, 'Configurable exuding help-desk');
insert into product (name, price, description) values ('Gingerale - Schweppes, 355 Ml', 119.18, 'Customizable upward-trending architecture');
insert into product (name, price, description) values ('Cheese - Mascarpone', 100.52, 'Streamlined holistic protocol');
insert into product (name, price, description) values ('Sultanas', 25.77, 'Robust clear-thinking methodology');
insert into product (name, price, description) values ('Mop Head - Cotton, 24 Oz', 166.14, 'Advanced analyzing info-mediaries');
insert into product (name, price, description) values ('Salt - Sea', 199.21, 'Front-line reciprocal open system');
insert into product (name, price, description) values ('Trueblue - Blueberry Cranberry', 26.97, 'Down-sized cohesive migration');
insert into product (name, price, description) values ('Jam - Blackberry, 20 Ml Jar', 191.91, 'Sharable 4th generation customer loyalty');
insert into product (name, price, description) values ('Emulsifier', 150.64, 'Re-engineered directional contingency');
insert into product (name, price, description) values ('Filo Dough', 85.73, 'Business-focused exuding analyzer');
insert into product (name, price, description) values ('Rye Special Old', 56.11, 'Inverse 3rd generation capability');
insert into product (name, price, description) values ('Stock - Veal, Brown', 14.21, 'Business-focused context-sensitive installation');
insert into product (name, price, description) values ('Cinnamon - Ground', 137.64, 'Pre-emptive asymmetric monitoring');
insert into product (name, price, description) values ('Carbonated Water - Blackberry', 110.48, 'Persistent zero defect knowledge user');
insert into product (name, price, description) values ('Yogurt - Blueberry, 175 Gr', 137.55, 'Organic foreground productivity');
insert into product (name, price, description) values ('Beef - Bones, Cut - Up', 11.66, 'Down-sized object-oriented task-force');
insert into product (name, price, description) values ('Ecolab Digiclean Mild Fm', 100.87, 'Down-sized zero defect architecture');
insert into product (name, price, description) values ('Tea - Herbal - 6 Asst', 194.37, 'User-centric exuding toolset');
insert into product (name, price, description) values ('Chocolate - Milk Coating', 163.73, 'Intuitive mobile archive');
insert into product (name, price, description) values ('Pur Source', 111.8, 'Virtual encompassing implementation');
insert into product (name, price, description) values ('Cornstarch', 170.16, 'Expanded secondary open system');
insert into product (name, price, description) values ('The Pop Shoppe - Grape', 111.48, 'Enterprise-wide uniform installation');
insert into product (name, price, description) values ('Beef - Outside, Round', 94.68, 'User-centric optimal attitude');
insert into product (name, price, description) values ('Marjoram - Dried, Rubbed', 181.33, 'Progressive 6th generation flexibility');
insert into product (name, price, description) values ('Milk - 2% 250 Ml', 29.08, 'Streamlined zero tolerance extranet');
insert into product (name, price, description) values ('Coffee - Colombian, Portioned', 92.65, 'Mandatory user-facing collaboration');
insert into product (name, price, description) values ('Stock - Beef, White', 146.57, 'Object-based reciprocal complexity');
insert into product (name, price, description) values ('Table Cloth 54x72 White', 93.15, 'Enhanced holistic support');
insert into product (name, price, description) values ('Kale - Red', 108.42, 'Front-line executive product');
insert into product (name, price, description) values ('Cassis', 124.96, 'Enterprise-wide secondary forecast');
insert into product (name, price, description) values ('Coriander - Seed', 109.71, 'Up-sized analyzing infrastructure');
insert into product (name, price, description) values ('Napkin - Beverge, White 2 - Ply', 192.67, 'Focused encompassing parallelism');
insert into product (name, price, description) values ('Veal - Brisket, Provimi, Bone - In', 132.02, 'Reduced intangible customer loyalty');
insert into product (name, price, description) values ('Yeast - Fresh, Fleischman', 176.93, 'Persistent 24 hour function');
insert into product (name, price, description) values ('Chicken - Whole', 120.03, 'Multi-layered zero administration matrix');
insert into product (name, price, description) values ('Juice Peach Nectar', 177.81, 'Proactive directional interface');
insert into product (name, price, description) values ('Pastrami', 135.06, 'Configurable demand-driven alliance');
insert into product (name, price, description) values ('Venison - Striploin', 160.55, 'Digitized eco-centric analyzer');
insert into product (name, price, description) values ('Pickerel - Fillets', 11.43, 'Monitored interactive product');
insert into product (name, price, description) values ('Ice Cream - Turtles Stick Bar', 98.18, 'Distributed cohesive protocol');
insert into product (name, price, description) values ('Initation Crab Meat', 132.85, 'Realigned cohesive success');
insert into product (name, price, description) values ('Broccoli - Fresh', 90.21, 'Team-oriented interactive knowledge user');
insert into product (name, price, description) values ('Tomatoes - Orange', 180.41, 'Progressive regional application');
insert into product (name, price, description) values ('Lamb Tenderloin Nz Fr', 162.76, 'Triple-buffered intangible contingency');
insert into product (name, price, description) values ('Sauce - Gravy, Au Jus, Mix', 129.09, 'Multi-lateral stable paradigm');
insert into product (name, price, description) values ('Isomalt', 116.51, 'Progressive methodical infrastructure');
insert into product (name, price, description) values ('Sambuca Cream', 183.78, 'Reduced asymmetric task-force');
insert into product (name, price, description) values ('Okra', 38.96, 'Organized system-worthy internet solution');
insert into product (name, price, description) values ('Wine - Remy Pannier Rose', 127.36, 'Managed tangible alliance');
insert into product (name, price, description) values ('Slt - Individual Portions', 88.67, 'Managed contextually-based firmware');
insert into product (name, price, description) values ('Milk - Condensed', 38.1, 'Networked attitude-oriented capability');
insert into product (name, price, description) values ('Soup - Tomato Mush. Florentine', 113.84, 'Versatile zero tolerance open architecture');
insert into cart_quantity (cart_id, product_id, amount) values (4, 103, 35);
insert into cart_quantity (cart_id, product_id, amount) values (3, 79, 79);
insert into cart_quantity (cart_id, product_id, amount) values (4, 84, 40);
insert into cart_quantity (cart_id, product_id, amount) values (2, 158, 5);
insert into cart_quantity (cart_id, product_id, amount) values (3, 184, 62);
insert into cart_quantity (cart_id, product_id, amount) values (4, 49, 31);
insert into cart_quantity (cart_id, product_id, amount) values (5, 13, 32);
insert into cart_quantity (cart_id, product_id, amount) values (1, 66, 88);
insert into cart_quantity (cart_id, product_id, amount) values (3, 87, 60);
insert into cart_quantity (cart_id, product_id, amount) values (3, 76, 28);
insert into cart_quantity (cart_id, product_id, amount) values (1, 124, 64);
insert into cart_quantity (cart_id, product_id, amount) values (5, 21, 93);
insert into cart_quantity (cart_id, product_id, amount) values (2, 57, 36);
insert into cart_quantity (cart_id, product_id, amount) values (1, 58, 76);
insert into cart_quantity (cart_id, product_id, amount) values (3, 186, 67);
insert into cart_quantity (cart_id, product_id, amount) values (4, 147, 20);
insert into cart_quantity (cart_id, product_id, amount) values (4, 72, 45);
insert into cart_quantity (cart_id, product_id, amount) values (1, 35, 92);
insert into cart_quantity (cart_id, product_id, amount) values (3, 181, 41);
insert into cart_quantity (cart_id, product_id, amount) values (5, 63, 23);
insert into cart_quantity (cart_id, product_id, amount) values (4, 180, 86);
insert into cart_quantity (cart_id, product_id, amount) values (3, 71, 22);
insert into cart_quantity (cart_id, product_id, amount) values (4, 189, 90);
insert into cart_quantity (cart_id, product_id, amount) values (2, 98, 98);
insert into cart_quantity (cart_id, product_id, amount) values (4, 65, 95);
insert into cart_quantity (cart_id, product_id, amount) values (3, 152, 51);
insert into cart_quantity (cart_id, product_id, amount) values (4, 41, 21);
insert into cart_quantity (cart_id, product_id, amount) values (5, 67, 93);
insert into cart_quantity (cart_id, product_id, amount) values (1, 43, 32);
insert into cart_quantity (cart_id, product_id, amount) values (3, 112, 46);
insert into cart_quantity (cart_id, product_id, amount) values (5, 178, 89);
insert into cart_quantity (cart_id, product_id, amount) values (4, 163, 52);
insert into cart_quantity (cart_id, product_id, amount) values (5, 3, 43);
insert into cart_quantity (cart_id, product_id, amount) values (4, 187, 22);
insert into cart_quantity (cart_id, product_id, amount) values (2, 117, 76);
insert into cart_quantity (cart_id, product_id, amount) values (1, 134, 30);
insert into cart_quantity (cart_id, product_id, amount) values (4, 44, 42);
insert into cart_quantity (cart_id, product_id, amount) values (2, 31, 75);
insert into cart_quantity (cart_id, product_id, amount) values (4, 78, 83);
insert into cart_quantity (cart_id, product_id, amount) values (5, 5, 84);
insert into cart_quantity (cart_id, product_id, amount) values (4, 138, 85);
insert into cart_quantity (cart_id, product_id, amount) values (3, 52, 80);
insert into cart_quantity (cart_id, product_id, amount) values (1, 60, 95);
insert into cart_quantity (cart_id, product_id, amount) values (5, 87, 100);
insert into cart_quantity (cart_id, product_id, amount) values (4, 108, 18);
insert into cart_quantity (cart_id, product_id, amount) values (4, 166, 46);
insert into cart_quantity (cart_id, product_id, amount) values (5, 26, 45);
insert into cart_quantity (cart_id, product_id, amount) values (2, 162, 88);
insert into cart_quantity (cart_id, product_id, amount) values (3, 109, 43);
insert into cart_quantity (cart_id, product_id, amount) values (3, 24, 29);
insert into cart_quantity (cart_id, product_id, amount) values (1, 167, 62);
insert into cart_quantity (cart_id, product_id, amount) values (2, 65, 80);
insert into cart_quantity (cart_id, product_id, amount) values (3, 18, 77);
insert into cart_quantity (cart_id, product_id, amount) values (3, 95, 99);
insert into cart_quantity (cart_id, product_id, amount) values (1, 157, 96);
insert into cart_quantity (cart_id, product_id, amount) values (4, 31, 40);
insert into cart_quantity (cart_id, product_id, amount) values (3, 154, 83);
insert into cart_quantity (cart_id, product_id, amount) values (5, 70, 66);
insert into cart_quantity (cart_id, product_id, amount) values (2, 156, 45);
insert into cart_quantity (cart_id, product_id, amount) values (3, 191, 69);
insert into cart_quantity (cart_id, product_id, amount) values (1, 44, 9);
insert into cart_quantity (cart_id, product_id, amount) values (4, 157, 39);
insert into cart_quantity (cart_id, product_id, amount) values (2, 102, 74);
insert into cart_quantity (cart_id, product_id, amount) values (4, 15, 11);
insert into cart_quantity (cart_id, product_id, amount) values (4, 82, 16);
insert into cart_quantity (cart_id, product_id, amount) values (1, 19, 75);
insert into cart_quantity (cart_id, product_id, amount) values (1, 20, 53);
insert into cart_quantity (cart_id, product_id, amount) values (5, 62, 71);
insert into cart_quantity (cart_id, product_id, amount) values (1, 118, 94);
insert into cart_quantity (cart_id, product_id, amount) values (5, 33, 6);
insert into cart_quantity (cart_id, product_id, amount) values (2, 168, 84);
insert into cart_quantity (cart_id, product_id, amount) values (1, 120, 1);
insert into cart_quantity (cart_id, product_id, amount) values (2, 92, 62);
insert into cart_quantity (cart_id, product_id, amount) values (1, 119, 100);
insert into cart_quantity (cart_id, product_id, amount) values (4, 95, 61);
insert into cart_quantity (cart_id, product_id, amount) values (2, 84, 18);
insert into cart_quantity (cart_id, product_id, amount) values (2, 176, 29);
insert into cart_quantity (cart_id, product_id, amount) values (4, 148, 18);
insert into cart_quantity (cart_id, product_id, amount) values (4, 54, 29);
insert into cart_quantity (cart_id, product_id, amount) values (3, 67, 15);
insert into cart_quantity (cart_id, product_id, amount) values (1, 185, 34);
insert into cart_quantity (cart_id, product_id, amount) values (3, 21, 63);
insert into cart_quantity (cart_id, product_id, amount) values (4, 35, 51);
insert into cart_quantity (cart_id, product_id, amount) values (5, 116, 58);
insert into cart_quantity (cart_id, product_id, amount) values (3, 144, 89);
insert into cart_quantity (cart_id, product_id, amount) values (2, 97, 2);
insert into cart_quantity (cart_id, product_id, amount) values (4, 73, 26);
insert into cart_quantity (cart_id, product_id, amount) values (2, 127, 90);
insert into cart_quantity (cart_id, product_id, amount) values (3, 162, 27);
insert into cart_quantity (cart_id, product_id, amount) values (4, 6, 77);
insert into cart_quantity (cart_id, product_id, amount) values (2, 106, 72);
insert into cart_quantity (cart_id, product_id, amount) values (1, 152, 92);
