insert into person (name, nif, birthdate, telephone, email) values ('Forest', '4231135452', '1955-03-09', '2848422795', 'fnield0@craigslist.org');
insert into person (name, nif, birthdate, telephone, email) values ('Stormy', '9005328282', '1992-09-12', '3578388994', 'sadenot1@wordpress.com');
insert into person (name, nif, birthdate, telephone, email) values ('Erhart', '7378421383', '1966-12-21', '4184158480', 'ebarrett2@spotify.com');
insert into person (name, nif, birthdate, telephone, email) values ('Deedee', '3897866668', '1958-08-25', '2481881883', 'djakobsson3@craigslist.org');
insert into person (name, nif, birthdate, telephone, email) values ('Bail', '0078728908', '1989-11-19', '3981219171', 'bpolly4@rediff.com');
insert into person (name, nif, birthdate, telephone, email) values ('Hasty', '6969195546', '1989-06-08', '4905892471', 'hnicol5@nsw.gov.au');
insert into person (name, nif, birthdate, telephone, email) values ('Silvie', '3709307988', '1955-06-16', '4027376786', 'soxtiby6@edublogs.org');
insert into person (name, nif, birthdate, telephone, email) values ('Rikki', '0429956266', '1991-08-10', '1384640900', 'rkemmett7@cmu.edu');
insert into person (name, nif, birthdate, telephone, email) values ('Adler', '9702327768', '1954-03-31', '7024623687', 'atheuss8@imdb.com');
insert into person (name, nif, birthdate, telephone, email) values ('Cristabel', '9522336351', '1973-04-16', '5467683677', 'cpersich9@joomla.org');
insert into person (name, nif, birthdate, telephone, email) values ('Valle', '4525512466', '1972-06-27', '4459599120', 'vzinia@google.co.jp');
insert into person (name, nif, birthdate, telephone, email) values ('Wiatt', '5986409922', '1971-02-16', '1615726774', 'wlupartob@acquirethisname.com');
insert into person (name, nif, birthdate, telephone, email) values ('Alexa', '4952379264', '1967-07-09', '9187458561', 'aspinkec@wix.com');
insert into person (name, nif, birthdate, telephone, email) values ('Demetra', '0173573908', '1950-05-13', '4605900771', 'dyackiminied@prlog.org');
insert into person (name, nif, birthdate, telephone, email) values ('Myrtie', '1965087639', '1995-05-06', '5405100292', 'mtorriee@umich.edu');
insert into person (name, nif, birthdate, telephone, email) values ('Abey', '8440608896', '1984-09-03', '7823355467', 'amerriottf@typepad.com');
insert into person (name, nif, birthdate, telephone, email) values ('Erminia', '7722575129', '1970-04-17', '4701605533', 'efollitg@go.com');
insert into person (name, nif, birthdate, telephone, email) values ('Aubrey', '2996475828', '1973-06-30', '3366370579', 'akaseh@sbwire.com');
insert into person (name, nif, birthdate, telephone, email) values ('Galven', '0387999957', '1963-08-20', '7726996583', 'ggatlandi@qq.com');
insert into person (name, nif, birthdate, telephone, email) values ('Osgood', '0046048782', '1954-05-01', '7067996635', 'oblaxleyj@theatlantic.com');
insert into person (name, nif, birthdate, telephone, email) values ('Casper', '5911583089', '1984-05-11', '5248638155', 'caindriuk@bing.com');
insert into person (name, nif, birthdate, telephone, email) values ('Corinne', '1952105196', '1966-12-08', '1437175122', 'cegdall@cloudflare.com');
insert into person (name, nif, birthdate, telephone, email) values ('Nolie', '8428529434', '1998-04-29', '1754861476', 'nsimecekm@bigcartel.com');
insert into person (name, nif, birthdate, telephone, email) values ('Aigneis', '6451522996', '1952-06-23', '2742738018', 'afern@ted.com');
insert into person (name, nif, birthdate, telephone, email) values ('Kai', '6902280509', '1957-08-11', '6456213344', 'kbursnallo@unblog.fr');
insert into person (name, nif, birthdate, telephone, email) values ('Agata', '1127812335', '1972-02-12', '7517702486', 'afoxp@bloomberg.com');
insert into person (name, nif, birthdate, telephone, email) values ('Kathryn', '1379735440', '1966-12-06', '4034456671', 'kmacaskillq@cornell.edu');
insert into person (name, nif, birthdate, telephone, email) values ('Ferdie', '9573766736', '1975-11-01', '3867572066', 'fgeertsenr@reuters.com');
insert into person (name, nif, birthdate, telephone, email) values ('Piotr', '8382953336', '1958-04-21', '9037995398', 'ppiddockes@squidoo.com');
insert into person (name, nif, birthdate, telephone, email) values ('Andrei', '7368641933', '1953-11-28', '6241074795', 'acarent@rakuten.co.jp');
insert into person (name, nif, birthdate, telephone, email) values ('Jamaal', '1195289219', '1972-11-23', '1888490838', 'jfawdryu@dailymail.co.uk');
insert into person (name, nif, birthdate, telephone, email) values ('Gibbie', '8467703628', '1968-12-14', '6663672971', 'ggrissv@ameblo.jp');
insert into person (name, nif, birthdate, telephone, email) values ('Rania', '8784281928', '1970-03-02', '6742755443', 'rlambersenw@cornell.edu');
insert into person (name, nif, birthdate, telephone, email) values ('Marietta', '9233205215', '1986-08-14', '3962315351', 'mschimonx@pcworld.com');
insert into person (name, nif, birthdate, telephone, email) values ('Burk', '0542346516', '1959-11-02', '4371728099', 'bharversony@people.com.cn');
insert into person (name, nif, birthdate, telephone, email) values ('Oralee', '9479512971', '1998-02-14', '8161172960', 'obrookesbiez@sphinn.com');
insert into person (name, nif, birthdate, telephone, email) values ('Roseline', '7554962809', '1966-10-14', '4027243257', 'rmathiassen10@google.pl');
insert into person (name, nif, birthdate, telephone, email) values ('Paulette', '3140682492', '1982-01-25', '8864274192', 'pcordier11@topsy.com');
insert into person (name, nif, birthdate, telephone, email) values ('Garrot', '6289019856', '1996-02-07', '1724827486', 'gweldrake12@trellian.com');
insert into person (name, nif, birthdate, telephone, email) values ('George', '6864388433', '1993-11-20', '7494245487', 'ghallwood13@biblegateway.com');
insert into person (name, nif, birthdate, telephone, email) values ('Hurleigh', '2508961760', '1988-09-23', '8521801629', 'hluppitt14@dyndns.org');
insert into person (name, nif, birthdate, telephone, email) values ('Nanni', '5763585488', '1968-05-09', '3119084944', 'nwellington15@studiopress.com');
insert into person (name, nif, birthdate, telephone, email) values ('Brittany', '3361843723', '1972-09-10', '5501149388', 'berrigo16@canalblog.com');
insert into person (name, nif, birthdate, telephone, email) values ('Friedrich', '8551322621', '1973-05-09', '7187884880', 'fiveagh17@ning.com');
insert into person (name, nif, birthdate, telephone, email) values ('Thayne', '7238699478', '1968-06-20', '5543657989', 'tstledger18@latimes.com');
insert into person (name, nif, birthdate, telephone, email) values ('Gill', '4043325754', '1951-02-20', '6151262208', 'gravillas19@trellian.com');
insert into person (name, nif, birthdate, telephone, email) values ('Man', '4701644323', '1958-02-12', '5913775589', 'msherreard1a@bloglines.com');
insert into person (name, nif, birthdate, telephone, email) values ('Fayette', '7197715156', '1970-10-21', '2704442208', 'fcolgan1b@boston.com');
insert into person (name, nif, birthdate, telephone, email) values ('Livvie', '2472752326', '1984-03-03', '6344278881', 'lgrutchfield1c@house.gov');
insert into person (name, nif, birthdate, telephone, email) values ('Miquela', '9330024033', '1998-12-07', '5693198005', 'mlanon1d@redcross.org');
insert into person (name, nif, birthdate, telephone, email) values ('Casandra', '9157862036', '1964-01-29', '6768747594', 'cabelov1e@list-manage.com');
insert into person (name, nif, birthdate, telephone, email) values ('Raynard', '3865084265', '1961-04-12', '5204294614', 'rgarrad1f@adobe.com');
insert into person (name, nif, birthdate, telephone, email) values ('Conney', '7876051731', '1966-09-20', '4112524510', 'cstrass1g@buzzfeed.com');
insert into person (name, nif, birthdate, telephone, email) values ('Elysee', '3885439832', '1976-11-13', '6901126027', 'edecourcey1h@deliciousdays.com');
insert into person (name, nif, birthdate, telephone, email) values ('Carla', '3618495404', '1975-04-03', '4204807130', 'cperocci1i@joomla.org');
insert into person (name, nif, birthdate, telephone, email) values ('Angie', '4517075044', '1969-11-10', '9422098151', 'aknevit1j@mtv.com');
insert into person (name, nif, birthdate, telephone, email) values ('Arley', '2165139309', '1972-04-30', '7628982073', 'acaesmans1k@woothemes.com');
insert into person (name, nif, birthdate, telephone, email) values ('Griswold', '9564785111', '1966-04-09', '8058448956', 'gfrankis1l@studiopress.com');
insert into person (name, nif, birthdate, telephone, email) values ('Cornie', '3353462775', '1977-01-16', '3486914540', 'cmedcalf1m@fastcompany.com');
insert into person (name, nif, birthdate, telephone, email) values ('Greer', '3440527573', '1968-02-05', '6328566437', 'gcostain1n@time.com');

insert into client (id, hash_password) values (1, 'fa60cade9dd68117a0ca05ab7090a94c');
insert into client (id, hash_password) values (2, 'e46dd9deb835f0187babb9b4d901a1f0');
insert into client (id, hash_password) values (3, 'ed302722e94d4a6accfa5283649e1cdb');
insert into client (id, hash_password) values (4, '02722b1c916be6194a12ea1086be3a02');
insert into client (id, hash_password) values (5, 'fcb0a2c9475becdbb7d1a4ee354bb473');
insert into client (id, hash_password) values (6, '8d0a128d390b0bac95624eaba61b0fa5');
insert into client (id, hash_password) values (7, '02ccdf81a10486b2e5a76686cc4165ff');
insert into client (id, hash_password) values (8, '53ebbc85ade0cfbc5ca9b79e6dfa13c4');
insert into client (id, hash_password) values (9, 'bf6d119d8dbcd1f96f62f61e24ae476b');
insert into client (id, hash_password) values (10, 'a93b9a8f3070a784c9a5f1cfe46945c1');
insert into client (id, hash_password) values (11, 'e5ff71dd6fa4a3a010c1650cbd4fadf6');
insert into client (id, hash_password) values (12, 'f843fb284dc262962841a4153aebe24e');
insert into client (id, hash_password) values (13, '315e57aa16b964fd94825b818a0b89aa');
insert into client (id, hash_password) values (14, 'b9ce60808973afcb23226d04056a7dca');
insert into client (id, hash_password) values (15, '74a4be97f5ba274a0f36b8e3a455e413');
insert into client (id, hash_password) values (16, '8eaa32a1adbc1d840276eee97e6c8286');
insert into client (id, hash_password) values (17, '6aef5d367e51b850b2013c1f880b6beb');
insert into client (id, hash_password) values (18, 'b57988832a2457ec0fe1954cbce4a439');
insert into client (id, hash_password) values (19, 'eebb60a6a4c643b49eec913ccb348a30');
insert into client (id, hash_password) values (20, '20903c59d5da6379108ffb9fb395f8fb');
insert into client (id, hash_password) values (21, '4461a5c418d47c7c2abf78af831cc875');
insert into client (id, hash_password) values (22, '0e88560d97bb7f5473780bdc9998375e');
insert into client (id, hash_password) values (23, '8081d87e3b28380e7aa52a50638f170b');
insert into client (id, hash_password) values (24, '7d7cdac4e167b84462814b1fee09aef8');
insert into client (id, hash_password) values (25, 'b130141788afe19c96aee160e2a96540');
insert into client (id, hash_password) values (26, '930c447339f73ad6961762b2b5944f67');
insert into client (id, hash_password) values (27, '758a48b0c885956843f775b964336163');
insert into client (id, hash_password) values (28, '6807c9e973937dd810f1d4bcfc39848d');
insert into client (id, hash_password) values (29, '3e1bece41bc786cfdda81a19cd73068b');
insert into client (id, hash_password) values (30, '0728cefbf7e2c3806c64cf463e565dc3');

insert into employee (id, salary, weekly_hours) values (31, 2239, 10);
insert into employee (id, salary, weekly_hours) values (32, 1838, 34);
insert into employee (id, salary, weekly_hours) values (33, 1665, 20);
insert into employee (id, salary, weekly_hours) values (34, 864, 10);
insert into employee (id, salary, weekly_hours) values (35, 1629, 32);
insert into employee (id, salary, weekly_hours) values (36, 2036, 10);
insert into employee (id, salary, weekly_hours) values (37, 3929, 11);
insert into employee (id, salary, weekly_hours) values (38, 3880, 30);
insert into employee (id, salary, weekly_hours) values (39, 1085, 10);
insert into employee (id, salary, weekly_hours) values (40, 2628, 10);
insert into employee (id, salary, weekly_hours) values (41, 3182, 36);
insert into employee (id, salary, weekly_hours) values (42, 2510, 18);
insert into employee (id, salary, weekly_hours) values (43, 789, 28);
insert into employee (id, salary, weekly_hours) values (44, 1512, 37);
insert into employee (id, salary, weekly_hours) values (45, 3510, 18);
insert into employee (id, salary, weekly_hours) values (46, 814, 21);
insert into employee (id, salary, weekly_hours) values (47, 563, 18);
insert into employee (id, salary, weekly_hours) values (48, 2361, 38);
insert into employee (id, salary, weekly_hours) values (49, 2117, 16);
insert into employee (id, salary, weekly_hours) values (50, 957, 29);
insert into employee (id, salary, weekly_hours) values (51, 3774, 14);
insert into employee (id, salary, weekly_hours) values (52, 1357, 20);
insert into employee (id, salary, weekly_hours) values (53, 1837, 18);
insert into employee (id, salary, weekly_hours) values (54, 1982, 35);
insert into employee (id, salary, weekly_hours) values (55, 906, 15);
insert into employee (id, salary, weekly_hours) values (56, 3449, 22);
insert into employee (id, salary, weekly_hours) values (57, 3129, 31);
insert into employee (id, salary, weekly_hours) values (58, 1865, 15);
insert into employee (id, salary, weekly_hours) values (59, 987, 32);
insert into employee (id, salary, weekly_hours) values (60, 2433, 40);

insert into cart (client_id) values(1);
insert into cart (client_id) values(2);
insert into cart (client_id) values(3);
insert into cart (client_id) values(4);
insert into cart (client_id) values(5);
insert into cart (client_id) values(6);
insert into cart (client_id) values(7);
insert into cart (client_id) values(8);
insert into cart (client_id) values(9);
insert into cart (client_id) values(10);

insert into product (name, price, description) values ('Thyme - Lemon, Fresh', 76.07, 'Reverse-engineered value-added capacity');
insert into product (name, price, description) values ('Fish - Base, Bouillion', 41.72, 'Synergized discrete core');
insert into product (name, price, description) values ('Basil - Pesto Sauce', 57.27, 'Synchronised radical concept');
insert into product (name, price, description) values ('Halibut - Steaks', 55.71, 'Organic dynamic toolset');
insert into product (name, price, description) values ('Squash - Butternut', 1.9, 'Business-focused empowering emulation');
insert into product (name, price, description) values ('Tart - Pecan Butter Squares', 131.17, 'Cloned exuding monitoring');
insert into product (name, price, description) values ('Parasol Pick Stir Stick', 93.69, 'Seamless explicit service-desk');
insert into product (name, price, description) values ('Beef - Roasted, Cooked', 49.84, 'Object-based bi-directional productivity');
insert into product (name, price, description) values ('Oil - Olive Bertolli', 16.2, 'User-friendly maximized flexibility');
insert into product (name, price, description) values ('Sea Bass - Fillets', 86.21, 'Optional analyzing infrastructure');
insert into product (name, price, description) values ('Cake - Sheet Strawberry', 105.47, 'Decentralized homogeneous encoding');
insert into product (name, price, description) values ('Pail - 4l White, With Handle', 154.28, 'Upgradable fresh-thinking core');
insert into product (name, price, description) values ('Mousse - Passion Fruit', 26.63, 'Compatible multimedia standardization');
insert into product (name, price, description) values ('Lumpfish Black', 48.2, 'Managed 3rd generation core');
insert into product (name, price, description) values ('Chips Potato Swt Chilli Sour', 75.07, 'User-centric system-worthy methodology');
insert into product (name, price, description) values ('Island Oasis - Sweet And Sour Mix', 186.45, 'Upgradable client-driven monitoring');
insert into product (name, price, description) values ('Garbage Bags - Clear', 98.98, 'Polarised upward-trending monitoring');
insert into product (name, price, description) values ('Prunes - Pitted', 6.67, 'Mandatory contextually-based algorithm');
insert into product (name, price, description) values ('Juice - Orange 1.89l', 144.98, 'User-centric coherent internet solution');
insert into product (name, price, description) values ('Chips Potato All Dressed - 43g', 129.37, 'Upgradable homogeneous moratorium');
insert into product (name, price, description) values ('Puree - Raspberry', 6.24, 'Function-based scalable knowledge user');
insert into product (name, price, description) values ('Dehydrated Kelp Kombo', 106.16, 'Inverse maximized concept');
insert into product (name, price, description) values ('Crab - Soft Shell', 165.42, 'Automated 3rd generation toolset');
insert into product (name, price, description) values ('Cream - 10%', 28.23, 'Reduced actuating algorithm');
insert into product (name, price, description) values ('Wine - Segura Viudas Aria Brut', 87.01, 'User-centric explicit implementation');
insert into product (name, price, description) values ('Cheese - Mix', 98.84, 'Triple-buffered multi-tasking throughput');
insert into product (name, price, description) values ('Cherries - Frozen', 25.24, 'Open-source asymmetric application');
insert into product (name, price, description) values ('Pickerel - Fillets', 95.27, 'Adaptive regional utilisation');
insert into product (name, price, description) values ('Beer - Guiness', 132.53, 'User-friendly multi-state intranet');
insert into product (name, price, description) values ('Chinese Lemon Pork', 141.36, 'Vision-oriented executive application');
insert into product (name, price, description) values ('Cotton Wet Mop 16 Oz', 79.09, 'Object-based neutral circuit');
insert into product (name, price, description) values ('Shrimp - Baby, Cold Water', 83.69, 'Devolved composite knowledge base');
insert into product (name, price, description) values ('Food Colouring - Orange', 187.27, 'Open-architected bottom-line matrix');
insert into product (name, price, description) values ('Foil - 4oz Custard Cup', 23.46, 'Total composite encoding');
insert into product (name, price, description) values ('Ginger - Ground', 59.58, 'Face to face attitude-oriented flexibility');
insert into product (name, price, description) values ('Kellogs All Bran Bars', 147.33, 'Front-line dedicated matrices');
insert into product (name, price, description) values ('Sobe - Berry Energy', 61.0, 'Organic national functionalities');
insert into product (name, price, description) values ('Table Cloth 144x90 White', 17.56, 'Phased neutral algorithm');
insert into product (name, price, description) values ('Nut - Walnut, Chopped', 159.3, 'Multi-layered neutral knowledge base');
insert into product (name, price, description) values ('Salmon - Canned', 133.18, 'Pre-emptive tertiary adapter');
insert into product (name, price, description) values ('Nut - Walnut, Pieces', 94.8, 'User-centric context-sensitive algorithm');
insert into product (name, price, description) values ('Wine - Champagne Brut Veuve', 143.62, 'Persevering next generation circuit');
insert into product (name, price, description) values ('Lid - Translucent, 3.5 And 6 Oz', 46.47, 'Balanced asymmetric utilisation');
insert into product (name, price, description) values ('Cheese - Asiago', 143.94, 'Right-sized systemic benchmark');
insert into product (name, price, description) values ('Bread - Multigrain', 39.87, 'Distributed neutral policy');
insert into product (name, price, description) values ('Pepper - Scotch Bonnet', 99.23, 'Fundamental full-range system engine');
insert into product (name, price, description) values ('Sugar - Brown, Individual', 62.0, 'Persistent optimal local area network');
insert into product (name, price, description) values ('White Fish - Filets', 79.25, 'Synergized leading edge definition');
insert into product (name, price, description) values ('Bacardi Limon', 36.89, 'Devolved local Graphic Interface');
insert into product (name, price, description) values ('Wine - Riesling Dr. Pauly', 53.24, 'Enterprise-wide 24 hour capacity');
insert into product (name, price, description) values ('Extract - Rum', 137.03, 'Open-source multi-tasking forecast');
insert into product (name, price, description) values ('Pastry - Cherry Danish - Mini', 48.26, 'Business-focused encompassing superstructure');
insert into product (name, price, description) values ('Quail - Jumbo', 104.8, 'Switchable zero tolerance frame');
insert into product (name, price, description) values ('Beer - Paulaner Hefeweisse', 179.8, 'Optimized stable success');
insert into product (name, price, description) values ('Juice - Lemon', 129.85, 'Multi-channelled intermediate neural-net');
insert into product (name, price, description) values ('Edible Flower - Mixed', 48.86, 'Multi-channelled transitional local area network');
insert into product (name, price, description) values ('Wine - Red, Gallo, Merlot', 174.74, 'Face to face empowering superstructure');
insert into product (name, price, description) values ('Lid - High Heat, Super Clear', 158.5, 'Total tangible forecast');
insert into product (name, price, description) values ('Veal - Brisket, Provimi,bnls', 86.08, 'Quality-focused hybrid website');
insert into product (name, price, description) values ('Sage - Fresh', 152.63, 'Multi-lateral 24 hour challenge');
insert into product (name, price, description) values ('Crab - Back Fin Meat, Canned', 186.18, 'Switchable full-range benchmark');
insert into product (name, price, description) values ('Cod - Salted, Boneless', 66.97, 'Face to face optimizing strategy');
insert into product (name, price, description) values ('Tomatoes - Heirloom', 116.32, 'Reduced logistical neural-net');
insert into product (name, price, description) values ('Hagen Daza - Dk Choocolate', 51.44, 'Multi-channelled content-based capability');
insert into product (name, price, description) values ('Beer - Camerons Cream Ale', 145.16, 'Horizontal stable synergy');
insert into product (name, price, description) values ('Banana - Green', 185.05, 'Optimized contextually-based Graphical User Interface');
insert into product (name, price, description) values ('Tea Peppermint', 66.2, 'Pre-emptive attitude-oriented moderator');
insert into product (name, price, description) values ('Mangostein', 78.54, 'Profit-focused local hierarchy');
insert into product (name, price, description) values ('Beer - Tetleys', 41.63, 'Ergonomic intangible complexity');
insert into product (name, price, description) values ('Chip - Potato Dill Pickle', 65.48, 'Innovative static structure');
insert into product (name, price, description) values ('Wine - Cava Aria Estate Brut', 7.13, 'Assimilated systematic leverage');
insert into product (name, price, description) values ('Crab - Soft Shell', 98.79, 'Quality-focused national installation');
insert into product (name, price, description) values ('Coffee - Almond Amaretto', 194.32, 'Programmable empowering alliance');
insert into product (name, price, description) values ('Cheese - Brie Roitelet', 141.48, 'Front-line hybrid artificial intelligence');
insert into product (name, price, description) values ('Beans - Soya Bean', 191.09, 'Innovative human-resource monitoring');
insert into product (name, price, description) values ('Urban Zen Drinks', 119.91, 'Monitored system-worthy Graphic Interface');
insert into product (name, price, description) values ('Lobster - Tail 6 Oz', 138.88, 'Extended high-level database');
insert into product (name, price, description) values ('Beef - Texas Style Burger', 180.18, 'Progressive hybrid hardware');
insert into product (name, price, description) values ('Pasta - Fett Alfredo, Single Serve', 112.1, 'Open-architected systemic functionalities');
insert into product (name, price, description) values ('Squash - Butternut', 5.04, 'Polarised cohesive software');
insert into product (name, price, description) values ('Pork - Smoked Kassler', 165.97, 'Universal executive secured line');
insert into product (name, price, description) values ('Syrup - Golden, Lyles', 117.19, 'Centralized logistical benchmark');
insert into product (name, price, description) values ('Sprouts - Peppercress', 129.8, 'Business-focused multimedia website');
insert into product (name, price, description) values ('Shopper Bag - S - 4', 88.17, 'Automated incremental task-force');
insert into product (name, price, description) values ('Chips - Potato Jalapeno', 131.76, 'Seamless intermediate framework');
insert into product (name, price, description) values ('Arizona - Plum Green Tea', 2.47, 'Customer-focused encompassing extranet');
insert into product (name, price, description) values ('Bread - Raisin', 194.66, 'Self-enabling next generation model');
insert into product (name, price, description) values ('Oranges - Navel, 72', 181.39, 'Switchable system-worthy monitoring');
insert into product (name, price, description) values ('Beef - Baby, Liver', 14.74, 'Decentralized secondary intranet');
insert into product (name, price, description) values ('Raisin - Dark', 127.93, 'Intuitive web-enabled open architecture');
insert into product (name, price, description) values ('Turkey - Breast, Boneless Sk On', 162.18, 'Persistent motivating encryption');
insert into product (name, price, description) values ('Rum - Cream, Amarula', 164.96, 'Innovative multi-tasking model');
insert into product (name, price, description) values ('Cookies - Oreo, 4 Pack', 147.85, 'Cloned multimedia emulation');
insert into product (name, price, description) values ('Coffee Guatemala Dark', 184.47, 'Public-key even-keeled challenge');
insert into product (name, price, description) values ('Nut - Chestnuts, Whole', 10.82, 'Streamlined high-level support');
insert into product (name, price, description) values ('Pate - Peppercorn', 29.09, 'Secured intermediate pricing structure');
insert into product (name, price, description) values ('Pork - Side Ribs', 37.32, 'Right-sized radical matrix');
insert into product (name, price, description) values ('Pineapple - Regular', 77.51, 'Future-proofed intermediate interface');
insert into product (name, price, description) values ('Rum - Dark, Bacardi, Black', 153.37, 'Virtual eco-centric forecast');
insert into product (name, price, description) values ('Wine - Fume Blanc Fetzer', 110.58, 'Inverse object-oriented Graphical User Interface');
insert into product (name, price, description) values ('Lady Fingers', 15.09, 'Realigned zero tolerance support');
insert into product (name, price, description) values ('Chestnuts - Whole,canned', 161.84, 'Enhanced leading edge ability');
insert into product (name, price, description) values ('Persimmons', 52.84, 'Integrated full-range system engine');
insert into product (name, price, description) values ('Sea Bass - Fillets', 95.02, 'Enterprise-wide directional database');
insert into product (name, price, description) values ('Tomatoes - Cherry', 147.78, 'Multi-tiered secondary concept');
insert into product (name, price, description) values ('Veal - Leg', 9.8, 'Quality-focused content-based analyzer');
insert into product (name, price, description) values ('Sausage - Blood Pudding', 142.27, 'Advanced zero tolerance throughput');
insert into product (name, price, description) values ('Shrimp - Tiger 21/25', 186.33, 'Programmable static adapter');
insert into product (name, price, description) values ('Lychee - Canned', 131.6, 'Multi-channelled bandwidth-monitored hub');
insert into product (name, price, description) values ('Muffin Mix - Blueberry', 133.07, 'Streamlined discrete hardware');
insert into product (name, price, description) values ('Truffle - Peelings', 102.93, 'Ergonomic tertiary solution');
insert into product (name, price, description) values ('Spice - Montreal Steak Spice', 131.54, 'Synergistic national contingency');
insert into product (name, price, description) values ('Corn - On The Cob', 86.63, 'Polarised multi-tasking array');
insert into product (name, price, description) values ('Cheese - Pont Couvert', 114.44, 'Vision-oriented web-enabled help-desk');
insert into product (name, price, description) values ('Beef - Tongue, Cooked', 140.15, 'Secured even-keeled analyzer');
insert into product (name, price, description) values ('Cod - Fillets', 92.51, 'Ameliorated mission-critical productivity');
insert into product (name, price, description) values ('Bread - Petit Baguette', 172.55, 'Adaptive real-time alliance');
insert into product (name, price, description) values ('Wine - Chardonnay South', 168.69, 'Horizontal fault-tolerant firmware');
insert into product (name, price, description) values ('Tea - Green', 192.82, 'Upgradable full-range projection');
insert into product (name, price, description) values ('Wine - Muscadet Sur Lie', 51.62, 'Vision-oriented cohesive core');
insert into product (name, price, description) values ('Calypso - Lemonade', 23.06, 'Networked next generation strategy');
insert into product (name, price, description) values ('Berry Brulee', 188.75, 'User-centric systemic definition');
insert into product (name, price, description) values ('Bread - Roll, Calabrese', 121.52, 'Object-based optimal customer loyalty');
insert into product (name, price, description) values ('Cup - 6oz, Foam', 9.98, 'Re-engineered national synergy');
insert into product (name, price, description) values ('Dip - Tapenade', 108.46, 'Optimized 6th generation time-frame');
insert into product (name, price, description) values ('Cheese - Sheep Milk', 159.93, 'Monitored next generation approach');
insert into product (name, price, description) values ('Lamb - Rack', 77.84, 'Polarised multi-state superstructure');
insert into product (name, price, description) values ('Lid - 0090 Clear', 22.39, 'Business-focused encompassing collaboration');
insert into product (name, price, description) values ('Loquat', 134.07, 'Open-source web-enabled success');
insert into product (name, price, description) values ('Longos - Chicken Curried', 169.31, 'Polarised motivating matrices');
insert into product (name, price, description) values ('Dc - Sakura Fu', 120.4, 'Virtual logistical local area network');
insert into product (name, price, description) values ('Berry Brulee', 180.35, 'Quality-focused actuating secured line');
insert into product (name, price, description) values ('Tortillas - Flour, 10', 154.08, 'Configurable even-keeled neural-net');
insert into product (name, price, description) values ('Paper Cocktail Umberlla 80 - 180', 135.05, 'Team-oriented bi-directional firmware');
insert into product (name, price, description) values ('Wine - Dubouef Macon - Villages', 180.98, 'Reverse-engineered dedicated Graphical User Interface');
insert into product (name, price, description) values ('Lemon Pepper', 27.53, 'Upgradable empowering definition');
insert into product (name, price, description) values ('Cookies Almond Hazelnut', 15.51, 'Ergonomic motivating info-mediaries');
insert into product (name, price, description) values ('Lid - 0090 Clear', 160.2, 'User-centric user-facing knowledge base');
insert into product (name, price, description) values ('Turkey - Breast, Boneless Sk On', 57.03, 'Monitored clear-thinking archive');
insert into product (name, price, description) values ('Wine - Red, Mouton Cadet', 26.37, 'User-friendly empowering projection');
insert into product (name, price, description) values ('Rambutan', 131.11, 'Team-oriented 24 hour local area network');
insert into product (name, price, description) values ('Truffle Cups Green', 138.34, 'Polarised directional neural-net');
insert into product (name, price, description) values ('Napkin - Dinner, White', 82.03, 'Public-key client-driven portal');
insert into product (name, price, description) values ('Foam Cup 6 Oz', 148.26, 'Networked object-oriented matrices');
insert into product (name, price, description) values ('Fish - Bones', 36.69, 'Self-enabling dynamic toolset');
insert into product (name, price, description) values ('Chilli Paste, Hot Sambal Oelek', 56.65, 'Face to face local hierarchy');
insert into product (name, price, description) values ('Gatorade - Xfactor Berry', 78.67, 'Seamless asymmetric infrastructure');
insert into product (name, price, description) values ('Arctic Char - Fillets', 105.25, 'Profound clear-thinking framework');
insert into product (name, price, description) values ('Assorted Desserts', 33.48, 'Configurable exuding help-desk');
insert into product (name, price, description) values ('Gingerale - Schweppes, 355 Ml', 119.18, 'Customizable upward-trending architecture');
insert into product (name, price, description) values ('Cheese - Mascarpone', 100.52, 'Streamlined holistic protocol');
insert into product (name, price, description) values ('Sultanas', 25.77, 'Robust clear-thinking methodology');
insert into product (name, price, description) values ('Mop Head - Cotton, 24 Oz', 166.14, 'Advanced analyzing info-mediaries');
insert into product (name, price, description) values ('Salt - Sea', 199.21, 'Front-line reciprocal open system');
insert into product (name, price, description) values ('Trueblue - Blueberry Cranberry', 26.97, 'Down-sized cohesive migration');
insert into product (name, price, description) values ('Jam - Blackberry, 20 Ml Jar', 191.91, 'Sharable 4th generation customer loyalty');
insert into product (name, price, description) values ('Emulsifier', 150.64, 'Re-engineered directional contingency');
insert into product (name, price, description) values ('Filo Dough', 85.73, 'Business-focused exuding analyzer');
insert into product (name, price, description) values ('Rye Special Old', 56.11, 'Inverse 3rd generation capability');
insert into product (name, price, description) values ('Stock - Veal, Brown', 14.21, 'Business-focused context-sensitive installation');
insert into product (name, price, description) values ('Cinnamon - Ground', 137.64, 'Pre-emptive asymmetric monitoring');
insert into product (name, price, description) values ('Carbonated Water - Blackberry', 110.48, 'Persistent zero defect knowledge user');
insert into product (name, price, description) values ('Yogurt - Blueberry, 175 Gr', 137.55, 'Organic foreground productivity');
insert into product (name, price, description) values ('Beef - Bones, Cut - Up', 11.66, 'Down-sized object-oriented task-force');
insert into product (name, price, description) values ('Ecolab Digiclean Mild Fm', 100.87, 'Down-sized zero defect architecture');
insert into product (name, price, description) values ('Tea - Herbal - 6 Asst', 194.37, 'User-centric exuding toolset');
insert into product (name, price, description) values ('Chocolate - Milk Coating', 163.73, 'Intuitive mobile archive');
insert into product (name, price, description) values ('Pur Source', 111.8, 'Virtual encompassing implementation');
insert into product (name, price, description) values ('Cornstarch', 170.16, 'Expanded secondary open system');
insert into product (name, price, description) values ('The Pop Shoppe - Grape', 111.48, 'Enterprise-wide uniform installation');
insert into product (name, price, description) values ('Beef - Outside, Round', 94.68, 'User-centric optimal attitude');
insert into product (name, price, description) values ('Marjoram - Dried, Rubbed', 181.33, 'Progressive 6th generation flexibility');
insert into product (name, price, description) values ('Milk - 2% 250 Ml', 29.08, 'Streamlined zero tolerance extranet');
insert into product (name, price, description) values ('Coffee - Colombian, Portioned', 92.65, 'Mandatory user-facing collaboration');
insert into product (name, price, description) values ('Stock - Beef, White', 146.57, 'Object-based reciprocal complexity');
insert into product (name, price, description) values ('Table Cloth 54x72 White', 93.15, 'Enhanced holistic support');
insert into product (name, price, description) values ('Kale - Red', 108.42, 'Front-line executive product');
insert into product (name, price, description) values ('Cassis', 124.96, 'Enterprise-wide secondary forecast');
insert into product (name, price, description) values ('Coriander - Seed', 109.71, 'Up-sized analyzing infrastructure');
insert into product (name, price, description) values ('Napkin - Beverge, White 2 - Ply', 192.67, 'Focused encompassing parallelism');
insert into product (name, price, description) values ('Veal - Brisket, Provimi, Bone - In', 132.02, 'Reduced intangible customer loyalty');
insert into product (name, price, description) values ('Yeast - Fresh, Fleischman', 176.93, 'Persistent 24 hour function');
insert into product (name, price, description) values ('Chicken - Whole', 120.03, 'Multi-layered zero administration matrix');
insert into product (name, price, description) values ('Juice Peach Nectar', 177.81, 'Proactive directional interface');
insert into product (name, price, description) values ('Pastrami', 135.06, 'Configurable demand-driven alliance');
insert into product (name, price, description) values ('Venison - Striploin', 160.55, 'Digitized eco-centric analyzer');
insert into product (name, price, description) values ('Pickerel - Fillets', 11.43, 'Monitored interactive product');
insert into product (name, price, description) values ('Ice Cream - Turtles Stick Bar', 98.18, 'Distributed cohesive protocol');
insert into product (name, price, description) values ('Initation Crab Meat', 132.85, 'Realigned cohesive success');
insert into product (name, price, description) values ('Broccoli - Fresh', 90.21, 'Team-oriented interactive knowledge user');
insert into product (name, price, description) values ('Tomatoes - Orange', 180.41, 'Progressive regional application');
insert into product (name, price, description) values ('Lamb Tenderloin Nz Fr', 162.76, 'Triple-buffered intangible contingency');
insert into product (name, price, description) values ('Sauce - Gravy, Au Jus, Mix', 129.09, 'Multi-lateral stable paradigm');
insert into product (name, price, description) values ('Isomalt', 116.51, 'Progressive methodical infrastructure');
insert into product (name, price, description) values ('Sambuca Cream', 183.78, 'Reduced asymmetric task-force');
insert into product (name, price, description) values ('Okra', 38.96, 'Organized system-worthy internet solution');
insert into product (name, price, description) values ('Wine - Remy Pannier Rose', 127.36, 'Managed tangible alliance');
insert into product (name, price, description) values ('Slt - Individual Portions', 88.67, 'Managed contextually-based firmware');
insert into product (name, price, description) values ('Milk - Condensed', 38.1, 'Networked attitude-oriented capability');
insert into product (name, price, description) values ('Soup - Tomato Mush. Florentine', 113.84, 'Versatile zero tolerance open architecture');
insert into cart_quantity (cart_id, product_id, amount) values (4, 103, 35);
insert into cart_quantity (cart_id, product_id, amount) values (3, 79, 79);
insert into cart_quantity (cart_id, product_id, amount) values (4, 84, 40);
insert into cart_quantity (cart_id, product_id, amount) values (2, 158, 5);
insert into cart_quantity (cart_id, product_id, amount) values (3, 184, 62);
insert into cart_quantity (cart_id, product_id, amount) values (4, 49, 31);
insert into cart_quantity (cart_id, product_id, amount) values (5, 13, 32);
insert into cart_quantity (cart_id, product_id, amount) values (1, 66, 88);
insert into cart_quantity (cart_id, product_id, amount) values (3, 87, 60);
insert into cart_quantity (cart_id, product_id, amount) values (3, 76, 28);
insert into cart_quantity (cart_id, product_id, amount) values (1, 124, 64);
insert into cart_quantity (cart_id, product_id, amount) values (5, 21, 93);
insert into cart_quantity (cart_id, product_id, amount) values (2, 57, 36);
insert into cart_quantity (cart_id, product_id, amount) values (1, 58, 76);
insert into cart_quantity (cart_id, product_id, amount) values (3, 186, 67);
insert into cart_quantity (cart_id, product_id, amount) values (4, 147, 20);
insert into cart_quantity (cart_id, product_id, amount) values (4, 72, 45);
insert into cart_quantity (cart_id, product_id, amount) values (1, 35, 92);
insert into cart_quantity (cart_id, product_id, amount) values (3, 181, 41);
insert into cart_quantity (cart_id, product_id, amount) values (5, 63, 23);
insert into cart_quantity (cart_id, product_id, amount) values (4, 180, 86);
insert into cart_quantity (cart_id, product_id, amount) values (3, 71, 22);
insert into cart_quantity (cart_id, product_id, amount) values (4, 189, 90);
insert into cart_quantity (cart_id, product_id, amount) values (2, 98, 98);
insert into cart_quantity (cart_id, product_id, amount) values (4, 65, 95);
insert into cart_quantity (cart_id, product_id, amount) values (3, 152, 51);
insert into cart_quantity (cart_id, product_id, amount) values (4, 41, 21);
insert into cart_quantity (cart_id, product_id, amount) values (5, 67, 93);
insert into cart_quantity (cart_id, product_id, amount) values (1, 43, 32);
insert into cart_quantity (cart_id, product_id, amount) values (3, 112, 46);
insert into cart_quantity (cart_id, product_id, amount) values (5, 178, 89);
insert into cart_quantity (cart_id, product_id, amount) values (4, 163, 52);
insert into cart_quantity (cart_id, product_id, amount) values (5, 3, 43);
insert into cart_quantity (cart_id, product_id, amount) values (4, 187, 22);
insert into cart_quantity (cart_id, product_id, amount) values (2, 117, 76);
insert into cart_quantity (cart_id, product_id, amount) values (1, 134, 30);
insert into cart_quantity (cart_id, product_id, amount) values (4, 44, 42);
insert into cart_quantity (cart_id, product_id, amount) values (2, 31, 75);
insert into cart_quantity (cart_id, product_id, amount) values (4, 78, 83);
insert into cart_quantity (cart_id, product_id, amount) values (5, 5, 84);
insert into cart_quantity (cart_id, product_id, amount) values (4, 138, 85);
insert into cart_quantity (cart_id, product_id, amount) values (3, 52, 80);
insert into cart_quantity (cart_id, product_id, amount) values (1, 60, 95);
insert into cart_quantity (cart_id, product_id, amount) values (5, 87, 100);
insert into cart_quantity (cart_id, product_id, amount) values (4, 108, 18);
insert into cart_quantity (cart_id, product_id, amount) values (4, 166, 46);
insert into cart_quantity (cart_id, product_id, amount) values (5, 26, 45);
insert into cart_quantity (cart_id, product_id, amount) values (2, 162, 88);
insert into cart_quantity (cart_id, product_id, amount) values (3, 109, 43);
insert into cart_quantity (cart_id, product_id, amount) values (3, 24, 29);
insert into cart_quantity (cart_id, product_id, amount) values (1, 167, 62);
insert into cart_quantity (cart_id, product_id, amount) values (2, 65, 80);
insert into cart_quantity (cart_id, product_id, amount) values (3, 18, 77);
insert into cart_quantity (cart_id, product_id, amount) values (3, 95, 99);
insert into cart_quantity (cart_id, product_id, amount) values (1, 157, 96);
insert into cart_quantity (cart_id, product_id, amount) values (4, 31, 40);
insert into cart_quantity (cart_id, product_id, amount) values (3, 154, 83);
insert into cart_quantity (cart_id, product_id, amount) values (5, 70, 66);
insert into cart_quantity (cart_id, product_id, amount) values (2, 156, 45);
insert into cart_quantity (cart_id, product_id, amount) values (3, 191, 69);
insert into cart_quantity (cart_id, product_id, amount) values (1, 44, 9);
insert into cart_quantity (cart_id, product_id, amount) values (4, 157, 39);
insert into cart_quantity (cart_id, product_id, amount) values (2, 102, 74);
insert into cart_quantity (cart_id, product_id, amount) values (4, 15, 11);
insert into cart_quantity (cart_id, product_id, amount) values (4, 82, 16);
insert into cart_quantity (cart_id, product_id, amount) values (1, 19, 75);
insert into cart_quantity (cart_id, product_id, amount) values (1, 20, 53);
insert into cart_quantity (cart_id, product_id, amount) values (5, 62, 71);
insert into cart_quantity (cart_id, product_id, amount) values (1, 118, 94);
insert into cart_quantity (cart_id, product_id, amount) values (5, 33, 6);
insert into cart_quantity (cart_id, product_id, amount) values (2, 168, 84);
insert into cart_quantity (cart_id, product_id, amount) values (1, 120, 1);
insert into cart_quantity (cart_id, product_id, amount) values (2, 92, 62);
insert into cart_quantity (cart_id, product_id, amount) values (1, 119, 100);
insert into cart_quantity (cart_id, product_id, amount) values (4, 95, 61);
insert into cart_quantity (cart_id, product_id, amount) values (2, 84, 18);
insert into cart_quantity (cart_id, product_id, amount) values (2, 176, 29);
insert into cart_quantity (cart_id, product_id, amount) values (4, 148, 18);
insert into cart_quantity (cart_id, product_id, amount) values (4, 54, 29);
insert into cart_quantity (cart_id, product_id, amount) values (3, 67, 15);
insert into cart_quantity (cart_id, product_id, amount) values (1, 185, 34);
insert into cart_quantity (cart_id, product_id, amount) values (3, 21, 63);
insert into cart_quantity (cart_id, product_id, amount) values (4, 35, 51);
insert into cart_quantity (cart_id, product_id, amount) values (5, 116, 58);
insert into cart_quantity (cart_id, product_id, amount) values (3, 144, 89);
insert into cart_quantity (cart_id, product_id, amount) values (2, 97, 2);
insert into cart_quantity (cart_id, product_id, amount) values (4, 73, 26);
insert into cart_quantity (cart_id, product_id, amount) values (2, 127, 90);
insert into cart_quantity (cart_id, product_id, amount) values (3, 162, 27);
insert into cart_quantity (cart_id, product_id, amount) values (4, 6, 77);
insert into cart_quantity (cart_id, product_id, amount) values (2, 106, 72);
insert into cart_quantity (cart_id, product_id, amount) values (1, 152, 92);
