PRAGMA foreign_keys=ON;

insert into country (country_name) values ('Israel');
insert into country (country_name) values ('New Zealand');
insert into country (country_name) values ('Indonesia');
insert into country (country_name) values ('China');
insert into country (country_name) values ('Ukraine');
insert into country (country_name) values ('Croatia');
insert into country (country_name) values ('Philippines');
insert into country (country_name) values ('Russia');
insert into country (country_name) values ('Macedonia');
insert into country (country_name) values ('Thailand');
insert into country (country_name) values ('Argentina');
insert into country (country_name) values ('France');
insert into country (country_name) values ('Guatemala');
insert into country (country_name) values ('Mexico');
insert into country (country_name) values ('Zimbabwe');
insert into country (country_name) values ('Qatar');
insert into country (country_name) values ('Vietnam');
insert into country (country_name) values ('Belarus');
insert into country (country_name) values ('Haiti');
insert into country (country_name) values ('Afghanistan');
insert into country (country_name) values ('Canada');
insert into country (country_name) values ('Nigeria');
insert into country (country_name) values ('Czech Republic');
insert into country (country_name) values ('Sweden');
insert into country (country_name) values ('Brazil');
insert into country (country_name) values ('Greece');
insert into country (country_name) values ('United Arab Emirates');
insert into country (country_name) values ('Portugal');
insert into country (country_name) values ('Poland');
insert into country (country_name) values ('Denmark');

insert into city (city_name, country_id) values ('Belén de Umbría', 10);
insert into city (city_name, country_id) values ('Alīgūdarz', 17);
insert into city (city_name, country_id) values ('Baohe', 23);
insert into city (city_name, country_id) values ('Qidi', 17);
insert into city (city_name, country_id) values ('Shamkhor', 7);
insert into city (city_name, country_id) values ('Krajan Tengah', 5);
insert into city (city_name, country_id) values ('Lizhuang', 23);
insert into city (city_name, country_id) values ('Belleville', 30);
insert into city (city_name, country_id) values ('Крушево', 27);
insert into city (city_name, country_id) values ('Pakham', 2);
insert into city (city_name, country_id) values ('Sohag', 28);
insert into city (city_name, country_id) values ('Hancheng', 12);
insert into city (city_name, country_id) values ('Mehar', 26);
insert into city (city_name, country_id) values ('Linxi', 16);
insert into city (city_name, country_id) values ('São Sebastião do Caí', 16);
insert into city (city_name, country_id) values ('Banjar Desa', 4);
insert into city (city_name, country_id) values ('Shikhany', 21);
insert into city (city_name, country_id) values ('Sofádes', 15);
insert into city (city_name, country_id) values ('Pärnu', 3);
insert into city (city_name, country_id) values ('Buchou', 13);
insert into city (city_name, country_id) values ('Nine', 27);
insert into city (city_name, country_id) values ('Rydzyna', 16);
insert into city (city_name, country_id) values ('Banarankrajan', 29);
insert into city (city_name, country_id) values ('Changchi', 5);
insert into city (city_name, country_id) values ('Blantyre', 28);
insert into city (city_name, country_id) values ('Shuangfeng', 3);
insert into city (city_name, country_id) values ('Oss', 14);
insert into city (city_name, country_id) values ('Lingkou', 5);
insert into city (city_name, country_id) values ('Niterói', 7);
insert into city (city_name, country_id) values ('Cikulina', 18);
insert into city (city_name, country_id) values ('Jiaocheng', 18);
insert into city (city_name, country_id) values ('Zakhim', 25);
insert into city (city_name, country_id) values ('Espanola', 14);
insert into city (city_name, country_id) values ('Kajaani', 25);
insert into city (city_name, country_id) values ('Silodakon', 25);
insert into city (city_name, country_id) values ('Lumil', 10);
insert into city (city_name, country_id) values ('Mina de São Domingos', 1);
insert into city (city_name, country_id) values ('Qingshan', 17);
insert into city (city_name, country_id) values ('Neuzina', 22);
insert into city (city_name, country_id) values ('Maniowy', 28);
insert into city (city_name, country_id) values ('Bay Roberts', 11);
insert into city (city_name, country_id) values ('Oshnavīyeh', 1);
insert into city (city_name, country_id) values ('Karangmangu', 17);
insert into city (city_name, country_id) values ('Siwa Oasis', 22);
insert into city (city_name, country_id) values ('Pital', 12);
insert into city (city_name, country_id) values ('Shilong', 22);
insert into city (city_name, country_id) values ('Haitou', 14);
insert into city (city_name, country_id) values ('Koten', 9);
insert into city (city_name, country_id) values ('Āzādshahr', 16);
insert into city (city_name, country_id) values ('Bébédja', 1);
insert into city (city_name, country_id) values ('København', 18);
insert into city (city_name, country_id) values ('Lille', 16);
insert into city (city_name, country_id) values ('Hujra', 30);
insert into city (city_name, country_id) values ('Zhumadian', 21);
insert into city (city_name, country_id) values ('Reston', 27);
insert into city (city_name, country_id) values ('Saku', 10);
insert into city (city_name, country_id) values ('Batas Barat', 20);
insert into city (city_name, country_id) values ('Kafr Kannā', 10);
insert into city (city_name, country_id) values ('Sukarama', 17);
insert into city (city_name, country_id) values ('Karangbenda', 22);
insert into city (city_name, country_id) values ('Balibago', 23);
insert into city (city_name, country_id) values ('Abang', 20);
insert into city (city_name, country_id) values ('Jalapa', 5);
insert into city (city_name, country_id) values ('Sanli', 10);
insert into city (city_name, country_id) values ('Tatebal', 10);
insert into city (city_name, country_id) values ('Naḩḩālīn', 1);
insert into city (city_name, country_id) values ('Minshan', 6);
insert into city (city_name, country_id) values ('Thorold', 20);
insert into city (city_name, country_id) values ('Kabir', 27);
insert into city (city_name, country_id) values ('Ivanteyevka', 15);
insert into city (city_name, country_id) values ('Tayabo', 19);
insert into city (city_name, country_id) values ('Chengdong', 14);
insert into city (city_name, country_id) values ('Zuogaiduoma', 3);
insert into city (city_name, country_id) values ('Mosteiró', 7);
insert into city (city_name, country_id) values ('Cergy-Pontoise', 11);
insert into city (city_name, country_id) values ('Vaudreuil-Dorion', 11);
insert into city (city_name, country_id) values ('Aghavnatun', 10);
insert into city (city_name, country_id) values ('Damatou', 22);
insert into city (city_name, country_id) values ('Adamstown', 19);
insert into city (city_name, country_id) values ('Maxu', 27);
insert into city (city_name, country_id) values ('Tourcoing', 8);
insert into city (city_name, country_id) values ('Itaguaí', 6);
insert into city (city_name, country_id) values ('Kertasari', 29);
insert into city (city_name, country_id) values ('Iraquara', 17);
insert into city (city_name, country_id) values ('Kushtia', 23);
insert into city (city_name, country_id) values ('Tirana', 9);
insert into city (city_name, country_id) values ('La Laja', 29);
insert into city (city_name, country_id) values ('Brikcha', 19);
insert into city (city_name, country_id) values ('Zushi', 9);
insert into city (city_name, country_id) values ('Kiritsy', 30);
insert into city (city_name, country_id) values ('Shiquan', 18);
insert into city (city_name, country_id) values ('Tanjungpecinan Utara', 7);
insert into city (city_name, country_id) values ('Quma', 17);
insert into city (city_name, country_id) values ('Köln', 18);
insert into city (city_name, country_id) values ('Lazaro Cardenas', 12);
insert into city (city_name, country_id) values ('Mirovice', 9);
insert into city (city_name, country_id) values ('Neglasari', 7);
insert into city (city_name, country_id) values ('Zhugentan', 12);
insert into city (city_name, country_id) values ('Obryte', 24);
insert into city (city_name, country_id) values ('Punkaharju', 26);


insert into address (street, postal_code, door_number, city_id) values ('Anthes', '7648-311', 1187, 42);
insert into address (street, postal_code, door_number, city_id) values ('Coleman', '3054-243', 1, 58);
insert into address (street, postal_code, door_number, city_id) values ('La Follette', '3186-575', 856, 15);
insert into address (street, postal_code, door_number, city_id) values ('Hovde', '6353-130', 1514, 50);
insert into address (street, postal_code, door_number, city_id) values ('Emmet', '8813-916', 1343, 98);
insert into address (street, postal_code, door_number, city_id) values ('Rowland', '2220-517', 744, 4);
insert into address (street, postal_code, door_number, city_id) values ('Packers', '0676-120', 75, 88);
insert into address (street, postal_code, door_number, city_id) values ('Park Meadow', '5186-561', 1816, 61);
insert into address (street, postal_code, door_number, city_id) values ('Schmedeman', '5757-220', 1175, 12);
insert into address (street, postal_code, door_number, city_id) values ('Eggendart', '3699-665', 1788, 22);
insert into address (street, postal_code, door_number, city_id) values ('Oxford', '5164-801', 267, 71);
insert into address (street, postal_code, door_number, city_id) values ('Maple Wood', '5549-001', 558, 31);
insert into address (street, postal_code, door_number, city_id) values ('Cody', '5142-188', 426, 17);
insert into address (street, postal_code, door_number, city_id) values ('Carberry', '8046-705', 998, 61);
insert into address (street, postal_code, door_number, city_id) values ('Dryden', '7578-675', 1816, 49);
insert into address (street, postal_code, door_number, city_id) values ('Blaine', '5728-384', 859, 88);
insert into address (street, postal_code, door_number, city_id) values ('Emmet', '0980-716', 1190, 87);
insert into address (street, postal_code, door_number, city_id) values ('Mayer', '1548-862', 763, 90);
insert into address (street, postal_code, door_number, city_id) values ('Shasta', '9317-217', 732, 51);
insert into address (street, postal_code, door_number, city_id) values ('Huxley', '4663-927', 1369, 36);
insert into address (street, postal_code, door_number, city_id) values ('Buena Vista', '9788-199', 1345, 4);
insert into address (street, postal_code, door_number, city_id) values ('Grayhawk', '9467-246', 150, 21);
insert into address (street, postal_code, door_number, city_id) values ('Katie', '0199-597', 119, 31);
insert into address (street, postal_code, door_number, city_id) values ('Nobel', '9139-943', 81, 30);
insert into address (street, postal_code, door_number, city_id) values ('Florence', '0776-762', 1046, 31);
insert into address (street, postal_code, door_number, city_id) values ('Vera', '0050-421', 1251, 92);
insert into address (street, postal_code, door_number, city_id) values ('Jenna', '3374-864', 733, 99);
insert into address (street, postal_code, door_number, city_id) values ('Waubesa', '7607-194', 687, 14);
insert into address (street, postal_code, door_number, city_id) values ('Oak', '3848-460', 921, 22);
insert into address (street, postal_code, door_number, city_id) values ('Forster', '7363-293', 474, 97);
insert into address (street, postal_code, door_number, city_id) values ('Riverside', '2277-758', 1345, 14);
insert into address (street, postal_code, door_number, city_id) values ('Bultman', '2108-951', 1458, 88);
insert into address (street, postal_code, door_number, city_id) values ('Cambridge', '2798-646', 1992, 74);
insert into address (street, postal_code, door_number, city_id) values ('Eagan', '1665-454', 1430, 13);
insert into address (street, postal_code, door_number, city_id) values ('Wayridge', '4507-394', 484, 77);
insert into address (street, postal_code, door_number, city_id) values ('Hoepker', '7379-927', 1434, 89);
insert into address (street, postal_code, door_number, city_id) values ('Cambridge', '8327-223', 847, 26);
insert into address (street, postal_code, door_number, city_id) values ('Shasta', '6172-716', 1652, 91);
insert into address (street, postal_code, door_number, city_id) values ('Mallard', '3170-854', 405, 37);
insert into address (street, postal_code, door_number, city_id) values ('Buena Vista', '1990-436', 730, 86);
insert into address (street, postal_code, door_number, city_id) values ('Golf Course', '8733-504', 884, 68);
insert into address (street, postal_code, door_number, city_id) values ('Melrose', '9346-837', 669, 52);
insert into address (street, postal_code, door_number, city_id) values ('7th', '1088-370', 202, 37);
insert into address (street, postal_code, door_number, city_id) values ('Nobel', '6300-681', 1953, 51);
insert into address (street, postal_code, door_number, city_id) values ('Golf Course', '5768-964', 1133, 63);
insert into address (street, postal_code, door_number, city_id) values ('Towne', '9479-563', 1382, 47);
insert into address (street, postal_code, door_number, city_id) values ('Everett', '1323-101', 1201, 54);
insert into address (street, postal_code, door_number, city_id) values ('Tony', '7743-761', 1306, 43);
insert into address (street, postal_code, door_number, city_id) values ('Browning', '8366-685', 869, 65);
insert into address (street, postal_code, door_number, city_id) values ('Sunfield', '7433-631', 1615, 50);
insert into address (street, postal_code, door_number, city_id) values ('Forster', '1300-099', 1964, 23);
insert into address (street, postal_code, door_number, city_id) values ('Straubel', '9338-619', 195, 51);
insert into address (street, postal_code, door_number, city_id) values ('2nd', '9919-757', 1542, 3);
insert into address (street, postal_code, door_number, city_id) values ('Ludington', '7835-610', 604, 80);
insert into address (street, postal_code, door_number, city_id) values ('Steensland', '3960-127', 950, 8);
insert into address (street, postal_code, door_number, city_id) values ('Village', '3230-984', 982, 12);
insert into address (street, postal_code, door_number, city_id) values ('Bayside', '7489-547', 1888, 60);
insert into address (street, postal_code, door_number, city_id) values ('Sheridan', '5308-784', 1028, 88);
insert into address (street, postal_code, door_number, city_id) values ('Fisk', '5157-261', 1509, 25);
insert into address (street, postal_code, door_number, city_id) values ('Delladonna', '4746-397', 960, 46);
insert into address (street, postal_code, door_number, city_id) values ('Cambridge', '4517-675', 1690, 30);
insert into address (street, postal_code, door_number, city_id) values ('Thierer', '7168-103', 955, 99);
insert into address (street, postal_code, door_number, city_id) values ('Clarendon', '7589-105', 1080, 76);
insert into address (street, postal_code, door_number, city_id) values ('Larry', '3577-588', 633, 58);
insert into address (street, postal_code, door_number, city_id) values ('Union', '7151-826', 1276, 47);
insert into address (street, postal_code, door_number, city_id) values ('Sheridan', '5748-897', 165, 93);
insert into address (street, postal_code, door_number, city_id) values ('Nobel', '7585-273', 1800, 93);
insert into address (street, postal_code, door_number, city_id) values ('Derek', '9944-004', 673, 48);
insert into address (street, postal_code, door_number, city_id) values ('Cody', '8636-723', 1668, 43);
insert into address (street, postal_code, door_number, city_id) values ('Fordem', '6096-077', 717, 2);
insert into address (street, postal_code, door_number, city_id) values ('Mallory', '5975-907', 1069, 58);
insert into address (street, postal_code, door_number, city_id) values ('Debra', '9190-004', 681, 42);
insert into address (street, postal_code, door_number, city_id) values ('Buhler', '6050-268', 780, 72);
insert into address (street, postal_code, door_number, city_id) values ('Delladonna', '3464-623', 988, 98);
insert into address (street, postal_code, door_number, city_id) values ('Shopko', '0711-433', 1344, 60);
insert into address (street, postal_code, door_number, city_id) values ('Towne', '4049-822', 338, 96);
insert into address (street, postal_code, door_number, city_id) values ('Buell', '3479-339', 1264, 9);
insert into address (street, postal_code, door_number, city_id) values ('Myrtle', '9605-662', 284, 48);
insert into address (street, postal_code, door_number, city_id) values ('Haas', '1930-419', 410, 66);
insert into address (street, postal_code, door_number, city_id) values ('Vahlen', '2619-471', 296, 69);
insert into address (street, postal_code, door_number, city_id) values ('Glendale', '9549-289', 1391, 84);
insert into address (street, postal_code, door_number, city_id) values ('Shoshone', '7087-522', 545, 52);
insert into address (street, postal_code, door_number, city_id) values ('Del Mar', '1348-437', 1947, 80);
insert into address (street, postal_code, door_number, city_id) values ('Harbort', '0812-190', 685, 88);
insert into address (street, postal_code, door_number, city_id) values ('Pearson', '8540-836', 528, 94);
insert into address (street, postal_code, door_number, city_id) values ('Memorial', '4714-716', 534, 77);
insert into address (street, postal_code, door_number, city_id) values ('Maywood', '9395-541', 755, 73);
insert into address (street, postal_code, door_number, city_id) values ('Lighthouse Bay', '7860-733', 1553, 83);
insert into address (street, postal_code, door_number, city_id) values ('Towne', '7355-978', 1190, 9);
insert into address (street, postal_code, door_number, city_id) values ('Namekagon', '5527-961', 891, 13);
insert into address (street, postal_code, door_number, city_id) values ('Prairieview', '0516-842', 657, 76);
insert into address (street, postal_code, door_number, city_id) values ('Badeau', '5833-401', 881, 31);
insert into address (street, postal_code, door_number, city_id) values ('Meadow Vale', '8544-979', 672, 32);
insert into address (street, postal_code, door_number, city_id) values ('Shoshone', '4706-963', 1842, 14);
insert into address (street, postal_code, door_number, city_id) values ('Londonderry', '1106-466', 1142, 13);
insert into address (street, postal_code, door_number, city_id) values ('Prairie Rose', '8025-741', 1527, 80);
insert into address (street, postal_code, door_number, city_id) values ('Dwight', '3780-211', 126, 97);
insert into address (street, postal_code, door_number, city_id) values ('Blue Bill Park', '5761-158', 1117, 52);
insert into address (street, postal_code, door_number, city_id) values ('Surrey', '7176-809', 865, 33);
insert into address (street, postal_code, door_number, city_id) values ('Nobel', '0568-401', 1045, 87);

insert into person (name, nif, telephone, birthdate, email) values ('Lizabeth', 608398666, 967202459, '1985-01-11', 'lkeuning0@irs.gov');
insert into person (name, nif, telephone, birthdate, email) values ('Alikee', 996718319, 954370511, '1963-09-13', 'adyson1@alibaba.com');
insert into person (name, nif, telephone, birthdate, email) values ('Panchito', 923873694, 939312677, '1977-05-22', 'passante2@shop-pro.jp');
insert into person (name, nif, telephone, birthdate, email) values ('Eilis', 946132312, 961286171, '1982-02-10', 'escaice3@ebay.co.uk');
insert into person (name, nif, telephone, birthdate, email) values ('Sharai', 401118441, 958826546, '1999-03-26', 'sbernardoni4@lulu.com');
insert into person (name, nif, telephone, birthdate, email) values ('Kellyann', 414339094, 965851613, '1958-01-04', 'kyegorovnin5@bigcartel.com');
insert into person (name, nif, telephone, birthdate, email) values ('Tabor', 539378403, 966865892, '1954-02-20', 'tmcgourty6@youku.com');
insert into person (name, nif, telephone, birthdate, email) values ('Bald', 362363330, 966938839, '1989-04-26', 'bduckels7@fastcompany.com');
insert into person (name, nif, telephone, birthdate, email) values ('Jacquelin', 192966866, 935246885, '1956-03-21', 'jkerbey8@gizmodo.com');
insert into person (name, nif, telephone, birthdate, email) values ('Abbe', 695657457, 965710388, '1953-09-01', 'atoolan9@ucsd.edu');
insert into person (name, nif, telephone, birthdate, email) values ('Brittani', 900621209, 954244131, '1973-05-12', 'bdabelsa@quantcast.com');
insert into person (name, nif, telephone, birthdate, email) values ('Raf', 778558065, 966285055, '1959-06-29', 'rcrosskellb@chronoengine.com');
insert into person (name, nif, telephone, birthdate, email) values ('Keir', 239794491, 923666463, '1999-05-23', 'kuglowc@vinaora.com');
insert into person (name, nif, telephone, birthdate, email) values ('Selby', 165105411, 954339804, '1953-10-04', 'sdruittd@google.com.br');
insert into person (name, nif, telephone, birthdate, email) values ('Aloin', 488525435, 968486813, '1988-01-10', 'abodocse@theglobeandmail.com');
insert into person (name, nif, telephone, birthdate, email) values ('Emlen', 113537035, 942148732, '1956-03-21', 'edermottf@over-blog.com');
insert into person (name, nif, telephone, birthdate, email) values ('Lucine', 575233407, 952450684, '1955-01-31', 'ljoskovitchg@harvard.edu');
insert into person (name, nif, telephone, birthdate, email) values ('Lauryn', 445805358, 928469493, '1958-11-10', 'lloberh@independent.co.uk');
insert into person (name, nif, telephone, birthdate, email) values ('Elwyn', 624868800, 920639082, '1951-02-06', 'erawsthorni@about.me');
insert into person (name, nif, telephone, birthdate, email) values ('Wren', 503819604, 922575091, '1979-05-09', 'wsireyj@dot.gov');
insert into person (name, nif, telephone, birthdate, email) values ('Wren', 519560029, 968749755, '1965-06-15', 'wmanthorpek@taobao.com');
insert into person (name, nif, telephone, birthdate, email) values ('Josiah', 999542444, 954892739, '1960-10-05', 'jfrenschel@rediff.com');
insert into person (name, nif, telephone, birthdate, email) values ('Frederigo', 139528863, 941912491, '1965-12-08', 'fhartrightm@vistaprint.com');
insert into person (name, nif, telephone, birthdate, email) values ('Minta', 629254076, 947175824, '1985-01-28', 'mwilbrahamn@ycombinator.com');
insert into person (name, nif, telephone, birthdate, email) values ('Marion', 571981382, 941134212, '1963-03-30', 'mjessepo@google.it');
insert into person (name, nif, telephone, birthdate, email) values ('Shepard', 575163945, 941350345, '1989-04-12', 'sbillinghamp@squarespace.com');
insert into person (name, nif, telephone, birthdate, email) values ('Reg', 392346634, 928263045, '1980-01-27', 'rbuttonq@webnode.com');
insert into person (name, nif, telephone, birthdate, email) values ('Marley', 507992194, 936150028, '1979-05-28', 'mphalpr@discovery.com');
insert into person (name, nif, telephone, birthdate, email) values ('Sibilla', 982323173, 957776111, '1972-04-02', 'sbattanys@kickstarter.com');
insert into person (name, nif, telephone, birthdate, email) values ('Colene', 963986918, 936400008, '1990-06-15', 'cmeddickt@biblegateway.com');
insert into person (name, nif, telephone, birthdate, email) values ('Ashely', 248446940, 921859994, '1984-09-19', 'ateresiu@xrea.com');
insert into person (name, nif, telephone, birthdate, email) values ('Ainslie', 314576804, 966387012, '1970-03-19', 'achittemv@infoseek.co.jp');
insert into person (name, nif, telephone, birthdate, email) values ('Lula', 247065352, 962505381, '1951-07-12', 'ldiscombew@forbes.com');
insert into person (name, nif, telephone, birthdate, email) values ('Heindrick', 760824727, 926419095, '1966-07-01', 'hstobiex@businessinsider.com');
insert into person (name, nif, telephone, birthdate, email) values ('Ema', 306923361, 928282480, '1961-04-29', 'ecalany@wikimedia.org');
insert into person (name, nif, telephone, birthdate, email) values ('Steffie', 828087312, 968799400, '1988-08-10', 'sinsealz@techcrunch.com');
insert into person (name, nif, telephone, birthdate, email) values ('Bondon', 291585257, 931602104, '1965-08-01', 'btern10@trellian.com');
insert into person (name, nif, telephone, birthdate, email) values ('Karlik', 362035745, 922081723, '1978-09-22', 'kbroadbury11@bigcartel.com');
insert into person (name, nif, telephone, birthdate, email) values ('Jesse', 846339908, 923624465, '1986-03-20', 'jpillans12@istockphoto.com');
insert into person (name, nif, telephone, birthdate, email) values ('Shepherd', 470224604, 938790567, '1977-01-28', 'sgrowy13@multiply.com');
insert into person (name, nif, telephone, birthdate, email) values ('Carlos', 967953586, 939679915, '1962-04-14', 'clarrad14@harvard.edu');
insert into person (name, nif, telephone, birthdate, email) values ('Reg', 450995592, 964049202, '1989-03-13', 'rkem15@smugmug.com');
insert into person (name, nif, telephone, birthdate, email) values ('Iosep', 714396388, 953679495, '1990-01-10', 'ikembry16@oakley.com');
insert into person (name, nif, telephone, birthdate, email) values ('Roseline', 281704342, 944368822, '1960-11-06', 'rjansens17@moonfruit.com');
insert into person (name, nif, telephone, birthdate, email) values ('Gwendolin', 937660681, 966893899, '1952-04-23', 'gcarrington18@constantcontact.com');
insert into person (name, nif, telephone, birthdate, email) values ('Ikey', 289298525, 956350898, '1956-05-10', 'iyakubov19@opensource.org');
insert into person (name, nif, telephone, birthdate, email) values ('Patience', 604471066, 955095013, '1980-12-29', 'ppetkens1a@webnode.com');
insert into person (name, nif, telephone, birthdate, email) values ('Wayland', 642020664, 935389575, '1962-05-03', 'wbiaggi1b@sogou.com');
insert into person (name, nif, telephone, birthdate, email) values ('Sunny', 374351659, 935573043, '1991-09-21', 'sattwoull1c@moonfruit.com');
insert into person (name, nif, telephone, birthdate, email) values ('Town', 160840180, 966140265, '1985-10-20', 'tbramham1d@mozilla.org');
insert into person (name, nif, telephone, birthdate, email) values ('Jeffrey', 148573091, 941108896, '1964-08-05', 'jreavey1e@lulu.com');
insert into person (name, nif, telephone, birthdate, email) values ('Clyve', 509664099, 967971013, '1967-05-02', 'cgripton1f@histats.com');
insert into person (name, nif, telephone, birthdate, email) values ('Damien', 611365077, 946357217, '1976-02-28', 'dmcgrowther1g@adobe.com');
insert into person (name, nif, telephone, birthdate, email) values ('Marta', 185252673, 960053426, '1987-05-13', 'mwhether1h@hc360.com');
insert into person (name, nif, telephone, birthdate, email) values ('Alphonse', 533516103, 940800281, '1958-07-01', 'acumes1i@reddit.com');
insert into person (name, nif, telephone, birthdate, email) values ('Eduino', 250566888, 953511897, '1960-01-12', 'emacginney1j@linkedin.com');
insert into person (name, nif, telephone, birthdate, email) values ('Ravi', 213892067, 929276529, '1973-02-22', 'rsteere1k@zdnet.com');
insert into person (name, nif, telephone, birthdate, email) values ('Suzy', 248013229, 953298569, '1993-03-23', 'scribbott1l@whitehouse.gov');
insert into person (name, nif, telephone, birthdate, email) values ('Alberto', 720359817, 939202926, '2000-03-01', 'apethrick1m@oracle.com');
insert into person (name, nif, telephone, birthdate, email) values ('Morten', 843122872, 937024601, '1976-11-17', 'mokenny1n@mtv.com');

insert into client (id, hash_password) values (1, 'fa60cade9dd68117a0ca05ab7090a94c');
insert into client (id, hash_password) values (2, 'e46dd9deb835f0187babb9b4d901a1f0');
insert into client (id, hash_password) values (3, 'ed302722e94d4a6accfa5283649e1cdb');
insert into client (id, hash_password) values (4, '02722b1c916be6194a12ea1086be3a02');
insert into client (id, hash_password) values (5, 'fcb0a2c9475becdbb7d1a4ee354bb473');
insert into client (id, hash_password) values (6, '8d0a128d390b0bac95624eaba61b0fa5');
insert into client (id, hash_password) values (7, '02ccdf81a10486b2e5a76686cc4165ff');
insert into client (id, hash_password) values (8, '53ebbc85ade0cfbc5ca9b79e6dfa13c4');
insert into client (id, hash_password) values (9, 'bf6d119d8dbcd1f96f62f61e24ae476b');
insert into client (id, hash_password) values (10, 'a93b9a8f3070a784c9a5f1cfe46945c1');
insert into client (id, hash_password) values (11, 'e5ff71dd6fa4a3a010c1650cbd4fadf6');
insert into client (id, hash_password) values (12, 'f843fb284dc262962841a4153aebe24e');
insert into client (id, hash_password) values (13, '315e57aa16b964fd94825b818a0b89aa');
insert into client (id, hash_password) values (14, 'b9ce60808973afcb23226d04056a7dca');
insert into client (id, hash_password) values (15, '74a4be97f5ba274a0f36b8e3a455e413');
insert into client (id, hash_password) values (16, '8eaa32a1adbc1d840276eee97e6c8286');
insert into client (id, hash_password) values (17, '6aef5d367e51b850b2013c1f880b6beb');
insert into client (id, hash_password) values (18, 'b57988832a2457ec0fe1954cbce4a439');
insert into client (id, hash_password) values (19, 'eebb60a6a4c643b49eec913ccb348a30');
insert into client (id, hash_password) values (20, '20903c59d5da6379108ffb9fb395f8fb');
insert into client (id, hash_password) values (21, '4461a5c418d47c7c2abf78af831cc875');
insert into client (id, hash_password) values (22, '0e88560d97bb7f5473780bdc9998375e');
insert into client (id, hash_password) values (23, '8081d87e3b28380e7aa52a50638f170b');
insert into client (id, hash_password) values (24, '7d7cdac4e167b84462814b1fee09aef8');
insert into client (id, hash_password) values (25, 'b130141788afe19c96aee160e2a96540');
insert into client (id, hash_password) values (26, '930c447339f73ad6961762b2b5944f67');
insert into client (id, hash_password) values (27, '758a48b0c885956843f775b964336163');
insert into client (id, hash_password) values (28, '6807c9e973937dd810f1d4bcfc39848d');
insert into client (id, hash_password) values (29, '3e1bece41bc786cfdda81a19cd73068b');
insert into client (id, hash_password) values (30, '0728cefbf7e2c3806c64cf463e565dc3');

insert into employee (id, hourly_salary, weekly_hours) values (31, 39, 10);
insert into employee (id, hourly_salary, weekly_hours) values (32, 38, 34);
insert into employee (id, hourly_salary, weekly_hours) values (33, 15, 20);
insert into employee (id, hourly_salary, weekly_hours) values (34, 24, 10);
insert into employee (id, hourly_salary, weekly_hours) values (35, 29, 32);
insert into employee (id, hourly_salary, weekly_hours) values (36, 36, 10);
insert into employee (id, hourly_salary, weekly_hours) values (37, 29, 11);
insert into employee (id, hourly_salary, weekly_hours) values (38, 10, 30);
insert into employee (id, hourly_salary, weekly_hours) values (39, 15, 10);
insert into employee (id, hourly_salary, weekly_hours) values (40, 28, 10);
insert into employee (id, hourly_salary, weekly_hours) values (41, 22, 36);
insert into employee (id, hourly_salary, weekly_hours) values (42, 10, 18);
insert into employee (id, hourly_salary, weekly_hours) values (43, 39, 28);
insert into employee (id, hourly_salary, weekly_hours) values (44, 12, 37);
insert into employee (id, hourly_salary, weekly_hours) values (45, 10, 18);
insert into employee (id, hourly_salary, weekly_hours) values (46, 14, 21);
insert into employee (id, hourly_salary, weekly_hours) values (47, 33, 18);
insert into employee (id, hourly_salary, weekly_hours) values (48, 31, 38);
insert into employee (id, hourly_salary, weekly_hours) values (49, 17, 16);
insert into employee (id, hourly_salary, weekly_hours) values (50, 57, 29);
insert into employee (id, hourly_salary, weekly_hours) values (51, 24, 14);
insert into employee (id, hourly_salary, weekly_hours) values (52, 37, 20);
insert into employee (id, hourly_salary, weekly_hours) values (53, 37, 18);
insert into employee (id, hourly_salary, weekly_hours) values (54, 22, 35);
insert into employee (id, hourly_salary, weekly_hours) values (55, 16, 15);
insert into employee (id, hourly_salary, weekly_hours) values (56, 49, 22);
insert into employee (id, hourly_salary, weekly_hours) values (57, 29, 31);
insert into employee (id, hourly_salary, weekly_hours) values (58, 15, 15);
insert into employee (id, hourly_salary, weekly_hours) values (59, 47, 32);
insert into employee (id, hourly_salary, weekly_hours) values (60, 33, 40);

insert into cart (client_id) values(1);
insert into cart (client_id) values(2);
insert into cart (client_id) values(3);
insert into cart (client_id) values(4);
insert into cart (client_id) values(5);
insert into cart (client_id) values(6);
insert into cart (client_id) values(7);
insert into cart (client_id) values(8);
insert into cart (client_id) values(9);
insert into cart (client_id) values(10);
insert into cart (client_id) values(2);
insert into cart (client_id) values(7);


insert into manufacturer (name, head_office_address_id) values ('Eidel', 100);
insert into manufacturer (name, head_office_address_id) values ('Skibox', 48);
insert into manufacturer (name, head_office_address_id) values ('Yoveo', 36);
insert into manufacturer (name, head_office_address_id) values ('Bluejam', 52);
insert into manufacturer (name, head_office_address_id) values ('Podcat', 43);
insert into manufacturer (name, head_office_address_id) values ('Lazzy', 37);
insert into manufacturer (name, head_office_address_id) values ('Buzzbean', 42);
insert into manufacturer (name, head_office_address_id) values ('Innotype', 79);
insert into manufacturer (name, head_office_address_id) values ('Topdrive', 49);
insert into manufacturer (name, head_office_address_id) values ('Mydeo', 29);
insert into manufacturer (name, head_office_address_id) values ('Quatz', 27);
insert into manufacturer (name, head_office_address_id) values ('Skyba', 84);
insert into manufacturer (name, head_office_address_id) values ('Camido', 58);
insert into manufacturer (name, head_office_address_id) values ('Babbleblab', 70);
insert into manufacturer (name, head_office_address_id) values ('Vinder', 10);
insert into manufacturer (name, head_office_address_id) values ('Jetwire', 71);
insert into manufacturer (name, head_office_address_id) values ('Jayo', 55);
insert into manufacturer (name, head_office_address_id) values ('Meeveo', 64);
insert into manufacturer (name, head_office_address_id) values ('Gabtune', 15);
insert into manufacturer (name, head_office_address_id) values ('Realpoint', 33);
insert into manufacturer (name, head_office_address_id) values ('Roomm', 41);
insert into manufacturer (name, head_office_address_id) values ('Skaboo', 35);
insert into manufacturer (name, head_office_address_id) values ('Pixonyx', 19);
insert into manufacturer (name, head_office_address_id) values ('Bluezoom', 39);
insert into manufacturer (name, head_office_address_id) values ('Rhyzio', 75);
insert into manufacturer (name, head_office_address_id) values ('Mynte', 2);
insert into manufacturer (name, head_office_address_id) values ('Chatterbridge', 38);
insert into manufacturer (name, head_office_address_id) values ('Vitz', 82);
insert into manufacturer (name, head_office_address_id) values ('Ainyx', 87);
insert into manufacturer (name, head_office_address_id) values ('Shuffledrive', 63);
insert into manufacturer (name, head_office_address_id) values ('Voomm', 56);
insert into manufacturer (name, head_office_address_id) values ('Photobug', 1);
insert into manufacturer (name, head_office_address_id) values ('Izio', 68);
insert into manufacturer (name, head_office_address_id) values ('Eamia', 94);
insert into manufacturer (name, head_office_address_id) values ('Tambee', 61);
insert into manufacturer (name, head_office_address_id) values ('Voonder', 21);

insert into product (name, price, description, manufacturer_id) values ('Wine - Manischewitz Concord', 10.8, 'Implemented disintermediate policy', 26);
insert into product (name, price, description, manufacturer_id) values ('Onions - Dried, Chopped', 135.09, 'Cross-platform real-time protocol', 29);
insert into product (name, price, description, manufacturer_id) values ('Bulgar', 154.58, 'Inverse solution-oriented throughput', 25);
insert into product (name, price, description, manufacturer_id) values ('Muffin Orange Individual', 127.97, 'Implemented systematic collaboration', 21);
insert into product (name, price, description, manufacturer_id) values ('Truffle - Whole Black Peeled', 100.08, 'Function-based uniform architecture', 2);
insert into product (name, price, description, manufacturer_id) values ('Brownies - Two Bite, Chocolate', 191.0, 'Open-architected disintermediate neural-net', 30);
insert into product (name, price, description, manufacturer_id) values ('Broom And Broom Rack White', 70.05, 'Programmable attitude-oriented challenge', 5);
insert into product (name, price, description, manufacturer_id) values ('Stock - Beef, Brown', 128.39, 'Integrated optimal attitude', 4);
insert into product (name, price, description, manufacturer_id) values ('Beef - Cooked, Corned', 144.14, 'Enhanced tangible array', 34);
insert into product (name, price, description, manufacturer_id) values ('Pear - Prickly', 116.7, 'Enhanced executive algorithm', 31);
insert into product (name, price, description, manufacturer_id) values ('Quail Eggs - Canned', 17.8, 'Robust holistic paradigm', 19);
insert into product (name, price, description, manufacturer_id) values ('Orange Roughy 6/8 Oz', 183.23, 'Configurable high-level parallelism', 35);
insert into product (name, price, description, manufacturer_id) values ('Wine - Zonnebloem Pinotage', 63.82, 'Mandatory even-keeled encryption', 20);
insert into product (name, price, description, manufacturer_id) values ('Bread - Rolls, Corn', 69.48, 'Progressive tertiary analyzer', 34);
insert into product (name, price, description, manufacturer_id) values ('Shrimp - Black Tiger 8 - 12', 83.42, 'Multi-channelled fault-tolerant portal', 24);
insert into product (name, price, description, manufacturer_id) values ('Buffalo - Tenderloin', 105.34, 'Proactive multimedia artificial intelligence', 29);
insert into product (name, price, description, manufacturer_id) values ('Wasabi Powder', 190.26, 'Up-sized contextually-based open system', 31);
insert into product (name, price, description, manufacturer_id) values ('Pears - Bartlett', 51.57, 'Exclusive exuding Graphic Interface', 19);
insert into product (name, price, description, manufacturer_id) values ('Lamb - Leg, Boneless', 71.82, 'Quality-focused bottom-line leverage', 34);
insert into product (name, price, description, manufacturer_id) values ('Bread - French Baquette', 4.68, 'Assimilated reciprocal migration', 34);
insert into product (name, price, description, manufacturer_id) values ('Creamers - 10%', 55.81, 'Cross-group incremental algorithm', 7);
insert into product (name, price, description, manufacturer_id) values ('Pork Loin Bine - In Frenched', 98.04, 'Networked eco-centric parallelism', 35);
insert into product (name, price, description, manufacturer_id) values ('Fish - Halibut, Cold Smoked', 168.6, 'Intuitive leading edge utilisation', 19);
insert into product (name, price, description, manufacturer_id) values ('Doilies - 5, Paper', 49.99, 'Enhanced non-volatile approach', 19);
insert into product (name, price, description, manufacturer_id) values ('Crackers Cheez It', 53.72, 'Total neutral implementation', 7);
insert into product (name, price, description, manufacturer_id) values ('Beef - Tenderlion, Center Cut', 150.1, 'Inverse even-keeled attitude', 21);
insert into product (name, price, description, manufacturer_id) values ('Pork - Bacon, Double Smoked', 70.06, 'Future-proofed high-level process improvement', 31);
insert into product (name, price, description, manufacturer_id) values ('Pail For Lid 1537', 14.81, 'Persevering even-keeled Graphical User Interface', 11);
insert into product (name, price, description, manufacturer_id) values ('Propel Sport Drink', 24.13, 'Reduced clear-thinking initiative', 17);
insert into product (name, price, description, manufacturer_id) values ('Glaze - Clear', 8.86, 'Sharable holistic circuit', 22);
insert into product (name, price, description, manufacturer_id) values ('Crab - Dungeness, Whole, live', 170.09, 'Universal attitude-oriented complexity', 6);
insert into product (name, price, description, manufacturer_id) values ('Cactus Pads', 12.6, 'Customer-focused attitude-oriented challenge', 25);
insert into product (name, price, description, manufacturer_id) values ('Butcher Twine 4r', 150.4, 'Business-focused foreground standardization', 1);
insert into product (name, price, description, manufacturer_id) values ('Orange - Canned, Mandarin', 58.56, 'Horizontal actuating open architecture', 24);
insert into product (name, price, description, manufacturer_id) values ('Vinegar - Sherry', 138.54, 'Centralized full-range firmware', 33);
insert into product (name, price, description, manufacturer_id) values ('Piping - Bags Quizna', 36.74, 'Digitized regional customer loyalty', 19);
insert into product (name, price, description, manufacturer_id) values ('Tart - Raisin And Pecan', 44.39, 'Upgradable bi-directional orchestration', 24);
insert into product (name, price, description, manufacturer_id) values ('Soup - Campbells, Butternut', 53.24, 'Profound transitional array', 24);
insert into product (name, price, description, manufacturer_id) values ('Hot Choc Vending', 169.88, 'Virtual zero administration process improvement', 9);
insert into product (name, price, description, manufacturer_id) values ('Nantucket Cranberry Juice', 93.1, 'Cloned optimal circuit', 23);
insert into product (name, price, description, manufacturer_id) values ('Beans - Fava, Canned', 148.21, 'Ameliorated interactive focus group', 31);
insert into product (name, price, description, manufacturer_id) values ('Plasticspoonblack', 44.16, 'Up-sized analyzing pricing structure', 5);
insert into product (name, price, description, manufacturer_id) values ('Nantucket - 518ml', 47.1, 'Reduced static definition', 18);
insert into product (name, price, description, manufacturer_id) values ('Soup - Cream Of Potato / Leek', 161.15, 'Synergistic tangible challenge', 10);
insert into product (name, price, description, manufacturer_id) values ('Squash - Sunburst', 136.92, 'Polarised maximized interface', 29);
insert into product (name, price, description, manufacturer_id) values ('Wine - Barbera Alba Doc 2001', 196.43, 'Integrated coherent moratorium', 32);
insert into product (name, price, description, manufacturer_id) values ('Pears - Bosc', 96.82, 'Persistent system-worthy instruction set', 19);
insert into product (name, price, description, manufacturer_id) values ('Garlic - Peeled', 16.28, 'Customer-focused real-time help-desk', 30);
insert into product (name, price, description, manufacturer_id) values ('Wanton Wrap', 172.24, 'Public-key radical time-frame', 35);
insert into product (name, price, description, manufacturer_id) values ('Cranberry Foccacia', 131.09, 'Profit-focused stable emulation', 33);
insert into product (name, price, description, manufacturer_id) values ('Bread Sour Rolls', 175.91, 'Quality-focused asymmetric orchestration', 26);
insert into product (name, price, description, manufacturer_id) values ('Icecream Bar - Del Monte', 143.51, 'De-engineered actuating throughput', 33);
insert into product (name, price, description, manufacturer_id) values ('Ecolab - Orange Frc, Cleaner', 80.69, 'Front-line multi-tasking challenge', 18);
insert into product (name, price, description, manufacturer_id) values ('Wine - Vouvray Cuvee Domaine', 38.65, 'Organized discrete data-warehouse', 12);
insert into product (name, price, description, manufacturer_id) values ('Chocolate - Unsweetened', 26.97, 'Profit-focused 24 hour groupware', 1);
insert into product (name, price, description, manufacturer_id) values ('Sobe - Tropical Energy', 39.26, 'Phased next generation structure', 14);
insert into product (name, price, description, manufacturer_id) values ('Soup - Campbells Chili Veg', 132.4, 'Synergized bi-directional project', 8);
insert into product (name, price, description, manufacturer_id) values ('Extract - Lemon', 132.16, 'Horizontal modular encoding', 29);
insert into product (name, price, description, manufacturer_id) values ('Appetizer - Asian Shrimp Roll', 162.72, 'Profit-focused transitional utilisation', 27);
insert into product (name, price, description, manufacturer_id) values ('Trueblue - Blueberry 12x473ml', 6.95, 'Grass-roots grid-enabled help-desk', 4);
insert into product (name, price, description, manufacturer_id) values ('Pails With Lids', 162.61, 'Reverse-engineered 6th generation installation', 7);
insert into product (name, price, description, manufacturer_id) values ('Salmon - Sockeye Raw', 131.27, 'Future-proofed fault-tolerant benchmark', 30);
insert into product (name, price, description, manufacturer_id) values ('Apricots - Dried', 9.9, 'Innovative disintermediate definition', 35);
insert into product (name, price, description, manufacturer_id) values ('Beans - French', 7.98, 'Cloned homogeneous core', 1);
insert into product (name, price, description, manufacturer_id) values ('Tea - Apple Green Tea', 141.96, 'Optional bifurcated interface', 10);
insert into product (name, price, description, manufacturer_id) values ('Rosemary - Primerba, Paste', 13.24, 'Function-based leading edge parallelism', 15);
insert into product (name, price, description, manufacturer_id) values ('Mustard - Dijon', 34.73, 'Grass-roots bifurcated array', 2);
insert into product (name, price, description, manufacturer_id) values ('Cookie Dough - Peanut Butter', 52.61, 'Re-contextualized national moderator', 12);
insert into product (name, price, description, manufacturer_id) values ('Sping Loaded Cup Dispenser', 135.34, 'Automated asymmetric info-mediaries', 17);
insert into product (name, price, description, manufacturer_id) values ('Puff Pastry - Sheets', 176.49, 'Realigned well-modulated access', 33);
insert into product (name, price, description, manufacturer_id) values ('Nacho Chips', 74.25, 'Multi-channelled demand-driven complexity', 4);
insert into product (name, price, description, manufacturer_id) values ('Alize Red Passion', 34.86, 'Digitized fault-tolerant open system', 29);
insert into product (name, price, description, manufacturer_id) values ('Coffee Cup 16oz Foam', 131.94, 'Secured grid-enabled artificial intelligence', 28);
insert into product (name, price, description, manufacturer_id) values ('Mussels - Cultivated', 142.34, 'Monitored methodical database', 14);
insert into product (name, price, description, manufacturer_id) values ('Halibut - Steaks', 170.04, 'Re-engineered web-enabled circuit', 31);
insert into product (name, price, description, manufacturer_id) values ('Soup - Cream Of Potato / Leek', 185.22, 'Fundamental incremental website', 34);
insert into product (name, price, description, manufacturer_id) values ('Bread - Pumpernickel', 170.84, 'Focused demand-driven concept', 7);
insert into product (name, price, description, manufacturer_id) values ('Taro Leaves', 189.03, 'Enterprise-wide radical solution', 5);
insert into product (name, price, description, manufacturer_id) values ('Wine - Savigny - Les - Beaune', 174.24, 'Right-sized asynchronous paradigm', 3);
insert into product (name, price, description, manufacturer_id) values ('Red Cod Fillets - 225g', 176.19, 'Customizable reciprocal monitoring', 7);
insert into product (name, price, description, manufacturer_id) values ('Bagel - 12 Grain Preslice', 96.4, 'Universal user-facing solution', 12);
insert into product (name, price, description, manufacturer_id) values ('Pasta - Linguini, Dry', 188.07, 'Up-sized incremental leverage', 24);
insert into product (name, price, description, manufacturer_id) values ('Squid - U 5', 122.27, 'Focused holistic Graphical User Interface', 12);
insert into product (name, price, description, manufacturer_id) values ('Pork - Kidney', 61.64, 'Up-sized clear-thinking methodology', 28);
insert into product (name, price, description, manufacturer_id) values ('Beef - Tongue, Cooked', 143.37, 'Stand-alone tangible extranet', 17);
insert into product (name, price, description, manufacturer_id) values ('Coffee - Hazelnut Cream', 2.93, 'Diverse 24/7 Graphic Interface', 8);
insert into product (name, price, description, manufacturer_id) values ('Cream - 10%', 80.46, 'Focused dedicated adapter', 21);
insert into product (name, price, description, manufacturer_id) values ('Spinach - Frozen', 195.18, 'Operative fault-tolerant migration', 24);
insert into product (name, price, description, manufacturer_id) values ('Bar Nature Valley', 123.63, 'Customer-focused system-worthy service-desk', 12);
insert into product (name, price, description, manufacturer_id) values ('Beef Flat Iron Steak', 132.88, 'Advanced asymmetric internet solution', 8);
insert into product (name, price, description, manufacturer_id) values ('Turnip - White, Organic', 110.0, 'Versatile context-sensitive encryption', 5);
insert into product (name, price, description, manufacturer_id) values ('Butter Sweet', 194.59, 'Triple-buffered coherent orchestration', 10);
insert into product (name, price, description, manufacturer_id) values ('Beer - Paulaner Hefeweisse', 175.75, 'Reduced web-enabled groupware', 13);
insert into product (name, price, description, manufacturer_id) values ('Soup - Boston Clam Chowder', 22.59, 'Diverse coherent local area network', 32);
insert into product (name, price, description, manufacturer_id) values ('Wine - Niagara Peninsula Vqa', 46.34, 'Reactive impactful initiative', 29);
insert into product (name, price, description, manufacturer_id) values ('Longos - Chicken Caeser Salad', 141.75, 'Enterprise-wide radical website', 35);
insert into product (name, price, description, manufacturer_id) values ('Wine - Jaboulet Cotes Du Rhone', 123.2, 'Assimilated heuristic matrices', 35);
insert into product (name, price, description, manufacturer_id) values ('Anchovy Paste - 56 G Tube', 63.71, 'Secured 5th generation frame', 12);
insert into product (name, price, description, manufacturer_id) values ('Pepsi - Diet, 355 Ml', 188.35, 'Organized real-time ability', 13);
insert into product (name, price, description, manufacturer_id) values ('Cookies Cereal Nut', 159.43, 'Cross-group cohesive local area network', 15);
insert into product (name, price, description, manufacturer_id) values ('Grapes - Black', 177.32, 'Virtual discrete emulation', 29);
insert into product (name, price, description, manufacturer_id) values ('Muffin Orange Individual', 195.45, 'Exclusive transitional workforce', 29);
insert into product (name, price, description, manufacturer_id) values ('Tea - Black Currant', 113.19, 'Phased well-modulated local area network', 9);
insert into product (name, price, description, manufacturer_id) values ('Slt - Individual Portions', 137.42, 'Cross-group empowering pricing structure', 18);
insert into product (name, price, description, manufacturer_id) values ('Mushroom - Porcini Frozen', 187.43, 'Front-line zero tolerance interface', 15);
insert into product (name, price, description, manufacturer_id) values ('Beer - Upper Canada Lager', 11.88, 'Robust static emulation', 13);
insert into product (name, price, description, manufacturer_id) values ('Sausage - Andouille', 154.71, 'Right-sized transitional moratorium', 29);
insert into product (name, price, description, manufacturer_id) values ('Wine - Chardonnay Mondavi', 191.96, 'Re-contextualized disintermediate extranet', 6);
insert into product (name, price, description, manufacturer_id) values ('Beef - Ground, Extra Lean, Fresh', 181.18, 'Ergonomic exuding artificial intelligence', 15);
insert into product (name, price, description, manufacturer_id) values ('Salad Dressing', 38.52, 'Reactive regional matrix', 11);
insert into product (name, price, description, manufacturer_id) values ('Pork - Bacon, Double Smoked', 69.35, 'Up-sized directional adapter', 9);
insert into product (name, price, description, manufacturer_id) values ('Wine - Periguita Fonseca', 27.69, 'Organized fault-tolerant circuit', 32);
insert into product (name, price, description, manufacturer_id) values ('Wine - Piper Heidsieck Brut', 63.35, 'Self-enabling upward-trending migration', 32);
insert into product (name, price, description, manufacturer_id) values ('Food Colouring - Orange', 131.8, 'Cloned leading edge moderator', 27);
insert into product (name, price, description, manufacturer_id) values ('Cranberries - Frozen', 176.28, 'Future-proofed next generation Graphical User Interface', 31);
insert into product (name, price, description, manufacturer_id) values ('Wine - Bouchard La Vignee Pinot', 30.37, 'Visionary tangible parallelism', 8);
insert into product (name, price, description, manufacturer_id) values ('Wine - Pinot Noir Stoneleigh', 164.16, 'De-engineered well-modulated local area network', 31);
insert into product (name, price, description, manufacturer_id) values ('Juice Peach Nectar', 155.11, 'Programmable responsive capability', 25);
insert into product (name, price, description, manufacturer_id) values ('Water - Spring Water 500ml', 147.09, 'Multi-lateral contextually-based workforce', 26);
insert into product (name, price, description, manufacturer_id) values ('Spic And Span All Purpose', 164.07, 'Self-enabling explicit hardware', 33);
insert into product (name, price, description, manufacturer_id) values ('Myers Planters Punch', 148.98, 'Reduced local success', 20);
insert into product (name, price, description, manufacturer_id) values ('Dragon Fruit', 36.23, 'Exclusive 5th generation local area network', 22);
insert into product (name, price, description, manufacturer_id) values ('Parsley - Dried', 26.82, 'Streamlined asynchronous throughput', 3);
insert into product (name, price, description, manufacturer_id) values ('Chinese Foods - Chicken', 142.27, 'Future-proofed cohesive benchmark', 3);
insert into product (name, price, description, manufacturer_id) values ('Wine - Baron De Rothschild', 187.85, 'Inverse bandwidth-monitored Graphical User Interface', 27);
insert into product (name, price, description, manufacturer_id) values ('Rice Paper', 119.83, 'Cross-group content-based knowledge base', 18);
insert into product (name, price, description, manufacturer_id) values ('Pasta - Cappellini, Dry', 131.2, 'Customer-focused zero administration software', 24);
insert into product (name, price, description, manufacturer_id) values ('Pork - Back, Short Cut, Boneless', 99.02, 'Inverse incremental portal', 7);
insert into product (name, price, description, manufacturer_id) values ('Sage - Rubbed', 162.97, 'Synergistic transitional complexity', 2);
insert into product (name, price, description, manufacturer_id) values ('Apple - Granny Smith', 105.02, 'Networked methodical workforce', 33);
insert into product (name, price, description, manufacturer_id) values ('Shiro Miso', 94.69, 'Fully-configurable actuating analyzer', 7);
insert into product (name, price, description, manufacturer_id) values ('Sour Puss Raspberry', 182.56, 'Customer-focused stable flexibility', 19);
insert into product (name, price, description, manufacturer_id) values ('Table Cloth 62x114 White', 132.21, 'Pre-emptive optimizing monitoring', 9);
insert into product (name, price, description, manufacturer_id) values ('Bread Base - Gold Formel', 35.09, 'Centralized even-keeled attitude', 23);
insert into product (name, price, description, manufacturer_id) values ('Muffin - Blueberry Individual', 184.63, 'Horizontal encompassing encryption', 10);
insert into product (name, price, description, manufacturer_id) values ('Beans - French', 112.23, 'De-engineered systemic structure', 21);
insert into product (name, price, description, manufacturer_id) values ('White Baguette', 188.47, 'Inverse discrete artificial intelligence', 15);
insert into product (name, price, description, manufacturer_id) values ('Chivas Regal - 12 Year Old', 33.15, 'Realigned leading edge core', 14);
insert into product (name, price, description, manufacturer_id) values ('Tea - Lemon Green Tea', 54.87, 'Optional object-oriented open system', 28);
insert into product (name, price, description, manufacturer_id) values ('Langers - Ruby Red Grapfruit', 53.6, 'Decentralized transitional productivity', 26);
insert into product (name, price, description, manufacturer_id) values ('Wine - Ej Gallo Sierra Valley', 50.63, 'Innovative background toolset', 33);
insert into product (name, price, description, manufacturer_id) values ('Pineapple - Canned, Rings', 48.83, 'Cross-group responsive capability', 16);
insert into product (name, price, description, manufacturer_id) values ('Venison - Denver Leg Boneless', 53.87, 'Triple-buffered fault-tolerant hardware', 32);
insert into product (name, price, description, manufacturer_id) values ('Crackers Cheez It', 179.94, 'Configurable non-volatile knowledge base', 23);
insert into product (name, price, description, manufacturer_id) values ('Ham - Smoked, Bone - In', 58.62, 'Assimilated intangible portal', 29);
insert into product (name, price, description, manufacturer_id) values ('Mace', 123.79, 'Down-sized holistic parallelism', 4);
insert into product (name, price, description, manufacturer_id) values ('Jam - Marmalade, Orange', 68.9, 'Synergistic human-resource neural-net', 34);
insert into product (name, price, description, manufacturer_id) values ('Pastry - Carrot Muffin - Mini', 79.79, 'Realigned national interface', 29);
insert into product (name, price, description, manufacturer_id) values ('Chinese Foods - Plain Fried Rice', 42.34, 'Down-sized client-server secured line', 34);
insert into product (name, price, description, manufacturer_id) values ('Oranges - Navel, 72', 28.99, 'Team-oriented solution-oriented projection', 30);
insert into product (name, price, description, manufacturer_id) values ('Cheese - Colby', 113.57, 'Seamless user-facing open architecture', 21);
insert into product (name, price, description, manufacturer_id) values ('Nut - Almond, Blanched, Ground', 62.26, 'Innovative client-driven core', 35);
insert into product (name, price, description, manufacturer_id) values ('Towel - Roll White', 178.75, 'Face to face intangible workforce', 32);
insert into product (name, price, description, manufacturer_id) values ('Spice - Pepper Portions', 146.31, 'Progressive leading edge toolset', 6);
insert into product (name, price, description, manufacturer_id) values ('Stock - Fish', 158.35, 'Configurable context-sensitive secured line', 30);
insert into product (name, price, description, manufacturer_id) values ('Jam - Strawberry, 20 Ml Jar', 8.13, 'Profit-focused mission-critical time-frame', 31);
insert into product (name, price, description, manufacturer_id) values ('Appetizer - Mango Chevre', 142.01, 'Operative object-oriented Graphic Interface', 3);
insert into product (name, price, description, manufacturer_id) values ('Soup - Campbells, Lentil', 157.19, 'Optional reciprocal implementation', 11);
insert into product (name, price, description, manufacturer_id) values ('Pepper - Black, Ground', 180.25, 'Optimized human-resource emulation', 32);
insert into product (name, price, description, manufacturer_id) values ('Iced Tea - Lemon, 340ml', 3.09, 'Automated 6th generation paradigm', 28);
insert into product (name, price, description, manufacturer_id) values ('Cheese - Brick With Pepper', 13.61, 'Profound reciprocal groupware', 17);
insert into product (name, price, description, manufacturer_id) values ('Honey - Lavender', 64.13, 'Digitized dedicated ability', 5);
insert into product (name, price, description, manufacturer_id) values ('Mushroom - Shitake, Dry', 174.75, 'Profit-focused bifurcated help-desk', 1);
insert into product (name, price, description, manufacturer_id) values ('Truffle Cups - White Paper', 32.25, 'Multi-tiered encompassing pricing structure', 20);
insert into product (name, price, description, manufacturer_id) values ('Carbonated Water - Cherry', 106.22, 'Digitized user-facing task-force', 26);
insert into product (name, price, description, manufacturer_id) values ('Pork - Smoked Kassler', 152.1, 'Progressive high-level internet solution', 3);
insert into product (name, price, description, manufacturer_id) values ('Wine - Pinot Noir Latour', 52.74, 'Customizable methodical Graphical User Interface', 27);
insert into product (name, price, description, manufacturer_id) values ('Oil - Sesame', 74.29, 'Optimized high-level paradigm', 13);
insert into product (name, price, description, manufacturer_id) values ('Foam Tray S2', 160.69, 'Versatile intermediate architecture', 20);
insert into product (name, price, description, manufacturer_id) values ('Table Cloth 53x53 White', 101.83, 'Sharable well-modulated extranet', 32);
insert into product (name, price, description, manufacturer_id) values ('Muffin Mix - Oatmeal', 3.65, 'Expanded responsive challenge', 18);
insert into product (name, price, description, manufacturer_id) values ('Pepper - Green', 103.57, 'Proactive didactic artificial intelligence', 12);
insert into product (name, price, description, manufacturer_id) values ('Milk Powder', 180.68, 'Fully-configurable scalable moratorium', 33);
insert into product (name, price, description, manufacturer_id) values ('Canadian Emmenthal', 47.68, 'Exclusive scalable strategy', 22);
insert into product (name, price, description, manufacturer_id) values ('Soup - Campbells, Cream Of', 166.26, 'Re-engineered holistic protocol', 3);
insert into product (name, price, description, manufacturer_id) values ('Pasta - Tortellini, Fresh', 151.48, 'Networked dynamic contingency', 31);
insert into product (name, price, description, manufacturer_id) values ('Sea Bass - Fillets', 65.43, 'Synchronised asynchronous Graphic Interface', 3);
insert into product (name, price, description, manufacturer_id) values ('Sprouts - Pea', 70.74, 'Cross-group multimedia encoding', 31);
insert into product (name, price, description, manufacturer_id) values ('Cheese - Romano, Grated', 117.21, 'Polarised exuding architecture', 14);
insert into product (name, price, description, manufacturer_id) values ('Chicken - Bones', 129.18, 'Reverse-engineered demand-driven initiative', 25);
insert into product (name, price, description, manufacturer_id) values ('Ham Black Forest', 23.78, 'Horizontal 6th generation methodology', 25);
insert into product (name, price, description, manufacturer_id) values ('Shiro Miso', 112.86, 'Advanced national structure', 4);
insert into product (name, price, description, manufacturer_id) values ('Mace Ground', 192.98, 'Pre-emptive heuristic Graphic Interface', 15);
insert into product (name, price, description, manufacturer_id) values ('Chick Peas - Dried', 136.43, 'Networked executive ability', 19);
insert into product (name, price, description, manufacturer_id) values ('Pastry - Apple Muffins - Mini', 177.68, 'Realigned empowering installation', 29);
insert into product (name, price, description, manufacturer_id) values ('Pasta - Penne Primavera, Single', 49.11, 'Robust modular encoding', 21);
insert into product (name, price, description, manufacturer_id) values ('Propel Sport Drink', 28.72, 'Horizontal user-facing workforce', 23);
insert into product (name, price, description, manufacturer_id) values ('Mustard - Seed', 126.02, 'User-centric static standardization', 28);
insert into product (name, price, description, manufacturer_id) values ('Hand Towel', 33.39, 'Grass-roots well-modulated parallelism', 9);
insert into product (name, price, description, manufacturer_id) values ('Chicken Breast Halal', 110.63, 'Programmable 4th generation paradigm', 19);
insert into product (name, price, description, manufacturer_id) values ('Liqueur - Melon', 147.32, 'Cloned zero defect artificial intelligence', 26);
insert into product (name, price, description, manufacturer_id) values ('Crackers - Melba Toast', 157.55, 'Business-focused eco-centric protocol', 4);
insert into product (name, price, description, manufacturer_id) values ('Shiro Miso', 33.36, 'Synchronised intermediate model', 8);
insert into product (name, price, description, manufacturer_id) values ('Cabbage - Red', 136.64, 'Digitized zero defect projection', 22);
insert into product (name, price, description, manufacturer_id) values ('Shrimp - Tiger 21/25', 75.08, 'Switchable heuristic collaboration', 19);
insert into product (name, price, description, manufacturer_id) values ('Olives - Morracan Dired', 165.63, 'Configurable zero defect framework', 32);
insert into product (name, price, description, manufacturer_id) values ('Lemon Grass', 98.96, 'Front-line dynamic interface', 7);
insert into product (name, price, description, manufacturer_id) values ('Vaccum Bag 10x13', 161.13, 'Advanced homogeneous migration', 16);
insert into product (name, price, description, manufacturer_id) values ('Sugar - Icing', 25.13, 'Programmable 4th generation groupware', 31);
insert into product (name, price, description, manufacturer_id) values ('Cheese - Oka', 16.85, 'Programmable national customer loyalty', 10);

insert into cart_quantity (cart_id, product_id, amount,price) values (4, 103, 35, 5);
insert into cart_quantity (cart_id, product_id, amount,price) values (3, 79, 79, 5);
insert into cart_quantity (cart_id, product_id, amount,price) values (4, 84, 40, 5);
insert into cart_quantity (cart_id, product_id, amount,price) values (2, 158, 5, 5);
insert into cart_quantity (cart_id, product_id, amount,price) values (3, 184, 62, 5);
insert into cart_quantity (cart_id, product_id, amount,price) values (4, 49, 31, 5);
insert into cart_quantity (cart_id, product_id, amount,price) values (5, 13, 32, 5);
insert into cart_quantity (cart_id, product_id, amount,price) values (1, 66, 88, 5);
insert into cart_quantity (cart_id, product_id, amount,price) values (3, 87, 60, 5);
insert into cart_quantity (cart_id, product_id, amount,price) values (3, 76, 28, 5);
insert into cart_quantity (cart_id, product_id, amount,price) values (1, 124, 64, 5);
insert into cart_quantity (cart_id, product_id, amount,price) values (5, 21, 93, 5);
insert into cart_quantity (cart_id, product_id, amount,price) values (2, 57, 36, 5);
insert into cart_quantity (cart_id, product_id, amount,price) values (1, 58, 76, 5);
insert into cart_quantity (cart_id, product_id, amount,price) values (3, 186, 67, 5);
insert into cart_quantity (cart_id, product_id, amount,price) values (4, 147, 20, 5);
insert into cart_quantity (cart_id, product_id, amount,price) values (4, 72, 45, 5);
insert into cart_quantity (cart_id, product_id, amount,price) values (1, 35, 92, 5);
insert into cart_quantity (cart_id, product_id, amount,price) values (3, 181, 41, 5);
insert into cart_quantity (cart_id, product_id, amount,price) values (5, 63, 23, 5);
insert into cart_quantity (cart_id, product_id, amount,price) values (4, 180, 86, 5);
insert into cart_quantity (cart_id, product_id, amount,price) values (3, 71, 22, 5);
insert into cart_quantity (cart_id, product_id, amount,price) values (4, 189, 90, 5);
insert into cart_quantity (cart_id, product_id, amount,price) values (2, 98, 98, 5);
insert into cart_quantity (cart_id, product_id, amount,price) values (4, 65, 95, 5);
insert into cart_quantity (cart_id, product_id, amount,price) values (3, 152, 51, 5);
insert into cart_quantity (cart_id, product_id, amount,price) values (4, 41, 21, 5);
insert into cart_quantity (cart_id, product_id, amount,price) values (5, 67, 93, 5);
insert into cart_quantity (cart_id, product_id, amount,price) values (1, 43, 32, 5);
insert into cart_quantity (cart_id, product_id, amount,price) values (3, 112, 46, 5);
insert into cart_quantity (cart_id, product_id, amount,price) values (5, 178, 89, 5);
insert into cart_quantity (cart_id, product_id, amount,price) values (4, 163, 52, 5);
insert into cart_quantity (cart_id, product_id, amount,price) values (5, 3, 43, 5);
insert into cart_quantity (cart_id, product_id, amount,price) values (4, 187, 22, 5);
insert into cart_quantity (cart_id, product_id, amount,price) values (2, 117, 76, 5);
insert into cart_quantity (cart_id, product_id, amount,price) values (1, 134, 30, 5);
insert into cart_quantity (cart_id, product_id, amount,price) values (4, 44, 42, 5);
insert into cart_quantity (cart_id, product_id, amount,price) values (2, 31, 75, 5);
insert into cart_quantity (cart_id, product_id, amount,price) values (4, 78, 83, 5);
insert into cart_quantity (cart_id, product_id, amount,price) values (5, 5, 84, 5);
insert into cart_quantity (cart_id, product_id, amount,price) values (4, 138, 85, 5);
insert into cart_quantity (cart_id, product_id, amount,price) values (3, 52, 80, 5);
insert into cart_quantity (cart_id, product_id, amount,price) values (1, 60, 95, 5);
insert into cart_quantity (cart_id, product_id, amount,price) values (5, 87, 100, 5);
insert into cart_quantity (cart_id, product_id, amount,price) values (4, 108, 18, 5);
insert into cart_quantity (cart_id, product_id, amount,price) values (4, 166, 46, 5);
insert into cart_quantity (cart_id, product_id, amount,price) values (5, 26, 45, 5);
insert into cart_quantity (cart_id, product_id, amount,price) values (2, 162, 88, 5);
insert into cart_quantity (cart_id, product_id, amount,price) values (3, 109, 43, 5);
insert into cart_quantity (cart_id, product_id, amount,price) values (3, 24, 29, 5);
insert into cart_quantity (cart_id, product_id, amount,price) values (1, 167, 62, 5);
insert into cart_quantity (cart_id, product_id, amount,price) values (2, 65, 80, 5);
insert into cart_quantity (cart_id, product_id, amount,price) values (3, 18, 77, 5);
insert into cart_quantity (cart_id, product_id, amount,price) values (3, 95, 99, 5);
insert into cart_quantity (cart_id, product_id, amount,price) values (1, 157, 96, 5);
insert into cart_quantity (cart_id, product_id, amount,price) values (4, 31, 40, 5);
insert into cart_quantity (cart_id, product_id, amount,price) values (3, 154, 83, 5);
insert into cart_quantity (cart_id, product_id, amount,price) values (5, 70, 66, 5);
insert into cart_quantity (cart_id, product_id, amount,price) values (2, 156, 45, 5);
insert into cart_quantity (cart_id, product_id, amount,price) values (3, 191, 69, 5);
insert into cart_quantity (cart_id, product_id, amount,price) values (1, 44, 9, 5);
insert into cart_quantity (cart_id, product_id, amount,price) values (4, 157, 39, 5);
insert into cart_quantity (cart_id, product_id, amount,price) values (2, 102, 74, 5);
insert into cart_quantity (cart_id, product_id, amount,price) values (4, 15, 11, 5);
insert into cart_quantity (cart_id, product_id, amount,price) values (4, 82, 16, 5);
insert into cart_quantity (cart_id, product_id, amount,price) values (1, 19, 75, 5);
insert into cart_quantity (cart_id, product_id, amount,price) values (1, 20, 53, 5);
insert into cart_quantity (cart_id, product_id, amount,price) values (5, 62, 71, 5);
insert into cart_quantity (cart_id, product_id, amount,price) values (1, 118, 94, 5);
insert into cart_quantity (cart_id, product_id, amount,price) values (5, 33, 6, 5);
insert into cart_quantity (cart_id, product_id, amount,price) values (2, 168, 84, 5);
insert into cart_quantity (cart_id, product_id, amount,price) values (1, 120, 1, 5);
insert into cart_quantity (cart_id, product_id, amount,price) values (2, 92, 62, 5);
insert into cart_quantity (cart_id, product_id, amount,price) values (1, 119, 100, 5);
insert into cart_quantity (cart_id, product_id, amount,price) values (4, 95, 61, 5);
insert into cart_quantity (cart_id, product_id, amount,price) values (2, 84, 18, 5);
insert into cart_quantity (cart_id, product_id, amount,price) values (2, 176, 29, 5);
insert into cart_quantity (cart_id, product_id, amount,price) values (4, 148, 18, 5);
insert into cart_quantity (cart_id, product_id, amount,price) values (4, 54, 29, 5);
insert into cart_quantity (cart_id, product_id, amount,price) values (3, 67, 15, 5);
insert into cart_quantity (cart_id, product_id, amount,price) values (1, 185, 34, 5);
insert into cart_quantity (cart_id, product_id, amount,price) values (3, 21, 63, 5);
insert into cart_quantity (cart_id, product_id, amount,price) values (4, 35, 51, 5);
insert into cart_quantity (cart_id, product_id, amount,price) values (5, 116, 58, 5);
insert into cart_quantity (cart_id, product_id, amount,price) values (3, 144, 89, 5);
insert into cart_quantity (cart_id, product_id, amount,price) values (2, 97, 2, 5);
insert into cart_quantity (cart_id, product_id, amount,price) values (4, 73, 26, 5);
insert into cart_quantity (cart_id, product_id, amount,price) values (2, 127, 90, 5);
insert into cart_quantity (cart_id, product_id, amount,price) values (3, 162, 27, 5);
insert into cart_quantity (cart_id, product_id, amount,price) values (4, 6, 77, 5);
insert into cart_quantity (cart_id, product_id, amount,price) values (2, 106, 72, 5);
insert into cart_quantity (cart_id, product_id, amount,price) values (8, 43, 29, 3);
insert into cart_quantity (cart_id, product_id, amount,price) values (10, 27, 3, 34);


---------------------------------------------------------------------------------------------------------

insert into person_address_applied (person_id, address_id) values (1, 92);
insert into person_address_applied (person_id, address_id) values (2, 66);
insert into person_address_applied (person_id, address_id) values (3, 10);
insert into person_address_applied (person_id, address_id) values (4, 53);
insert into person_address_applied (person_id, address_id) values (5, 90);
insert into person_address_applied (person_id, address_id) values (6, 81);
insert into person_address_applied (person_id, address_id) values (7, 6);
insert into person_address_applied (person_id, address_id) values (8, 55);
insert into person_address_applied (person_id, address_id) values (9, 3);
insert into person_address_applied (person_id, address_id) values (10, 86);
insert into person_address_applied (person_id, address_id) values (11, 48);
insert into person_address_applied (person_id, address_id) values (12, 32);
insert into person_address_applied (person_id, address_id) values (13, 20);
insert into person_address_applied (person_id, address_id) values (14, 7);
insert into person_address_applied (person_id, address_id) values (15, 64);
insert into person_address_applied (person_id, address_id) values (16, 13);
insert into person_address_applied (person_id, address_id) values (17, 13);
insert into person_address_applied (person_id, address_id) values (18, 97);
insert into person_address_applied (person_id, address_id) values (19, 3);
insert into person_address_applied (person_id, address_id) values (20, 17);
insert into person_address_applied (person_id, address_id) values (21, 28);
insert into person_address_applied (person_id, address_id) values (22, 61);
insert into person_address_applied (person_id, address_id) values (23, 83);
insert into person_address_applied (person_id, address_id) values (24, 66);
insert into person_address_applied (person_id, address_id) values (25, 84);
insert into person_address_applied (person_id, address_id) values (26, 76);
insert into person_address_applied (person_id, address_id) values (27, 2);
insert into person_address_applied (person_id, address_id) values (28, 44);
insert into person_address_applied (person_id, address_id) values (29, 45);
insert into person_address_applied (person_id, address_id) values (30, 55);
insert into person_address_applied (person_id, address_id) values (31, 75);
insert into person_address_applied (person_id, address_id) values (32, 93);
insert into person_address_applied (person_id, address_id) values (33, 35);
insert into person_address_applied (person_id, address_id) values (34, 42);
insert into person_address_applied (person_id, address_id) values (35, 82);
insert into person_address_applied (person_id, address_id) values (36, 48);
insert into person_address_applied (person_id, address_id) values (37, 71);
insert into person_address_applied (person_id, address_id) values (38, 5);
insert into person_address_applied (person_id, address_id) values (39, 55);
insert into person_address_applied (person_id, address_id) values (40, 37);
insert into person_address_applied (person_id, address_id) values (41, 81);
insert into person_address_applied (person_id, address_id) values (42, 25);
insert into person_address_applied (person_id, address_id) values (43, 7);
insert into person_address_applied (person_id, address_id) values (44, 22);
insert into person_address_applied (person_id, address_id) values (45, 29);
insert into person_address_applied (person_id, address_id) values (46, 3);
insert into person_address_applied (person_id, address_id) values (47, 80);
insert into person_address_applied (person_id, address_id) values (48, 10);
insert into person_address_applied (person_id, address_id) values (49, 25);
insert into person_address_applied (person_id, address_id) values (50, 33);
insert into person_address_applied (person_id, address_id) values (51, 12);
insert into person_address_applied (person_id, address_id) values (52, 33);
insert into person_address_applied (person_id, address_id) values (53, 71);
insert into person_address_applied (person_id, address_id) values (54, 2);
insert into person_address_applied (person_id, address_id) values (55, 60);
insert into person_address_applied (person_id, address_id) values (56, 7);
insert into person_address_applied (person_id, address_id) values (57, 9);
insert into person_address_applied (person_id, address_id) values (58, 20);
insert into person_address_applied (person_id, address_id) values (59, 67);

insert into shipment_type(type, base_cost) values ('ctt', 100000000);
insert into shipment_type(type, base_cost) values('dpd', 20.50);
insert into shipment_type(type, base_cost) values('dhl', 9999697986798.50);
insert into shipment_type(type, base_cost) values('ups', 5.50);
insert into shipment_type(type, base_cost) values('inWarehouse', 0.50);

insert into category (name) values ('Shoes');
insert into category (name) values ('Computers');
insert into category (name) values ('Beauty');
insert into category (name) values ('Movies');
insert into category (name) values ('Sports');
insert into category (name) values ('Clothing');
insert into category (name) values ('Grocery');
insert into category (name) values ('Books');
insert into category (name) values ('Jewelery');
insert into category (name) values ('Health');
insert into category (name) values ('Electronics');
insert into category (name) values ('Tools');
insert into category (name) values ('Toys');
insert into category (name) values ('Garden');
insert into category (name) values ('Industrial');
insert into category (name) values ('Automotive');
insert into category (name) values ('Home');
insert into category (name) values ('Games');
insert into category (name) values ('Outdoors');
insert into category (name) values ('Music');
insert into category (name) values ('Silverware');
insert into category (name) values ('Glasses');
insert into category (name) values ('Lifestyle');
insert into category (name) values ('Vegan');
insert into category (name) values ('Eco-friendly');
insert into category (name) values ('Accessories');
insert into category (name) values ('Food');
insert into category (name) values ('Money');
insert into category (name) values ('DIY');
insert into category (name) values ('Furniture');

insert into subcategory (id,parent_id) values (21,5);
insert into subcategory (id,parent_id) values (22,5);
insert into subcategory (id,parent_id) values (23,3);
insert into subcategory (id,parent_id) values (24,11);
insert into subcategory (id,parent_id) values (25,8);
insert into subcategory (id,parent_id) values (26,7);
insert into subcategory (id,parent_id) values (27,22);
insert into subcategory (id,parent_id) values (28,7);
insert into subcategory (id,parent_id) values (29,25);
insert into subcategory (id,parent_id) values (30,26);

insert into storage (name, address_id) values ('Patric', 42);
insert into storage (name, address_id) values ('Lief', 35);
insert into storage (name, address_id) values ('Lindsay', 44);
insert into storage (name, address_id) values ('Danny', 74);
insert into storage (name, address_id) values ('Edsel', 23);
insert into storage (name, address_id) values ('Peta', 6);
insert into storage (name, address_id) values ('Joya', 22);
insert into storage (name, address_id) values ('Ashil', 40);
insert into storage (name, address_id) values ('Blinny', 22);
insert into storage (name, address_id) values ('Dore', 27);
insert into storage (name, address_id) values ('Harv', 95);
insert into storage (name, address_id) values ('Hector', 15);
insert into storage (name, address_id) values ('Gianni', 76);
insert into storage (name, address_id) values ('Elvina', 56);
insert into storage (name, address_id) values ('Culley', 36);
insert into storage (name, address_id) values ('Armin', 87);
insert into storage (name, address_id) values ('Graig', 12);
insert into storage (name, address_id) values ('Darcy', 27);
insert into storage (name, address_id) values ('Perry', 24);
insert into storage (name, address_id) values ('Georgeanne', 9);

insert into stock (product_id, storage_id, amount) values (59, 20, 60);
insert into stock (product_id, storage_id, amount) values (27, 17, 25);
insert into stock (product_id, storage_id, amount) values (181, 2, 24);
insert into stock (product_id, storage_id, amount) values (25, 1, 131);
insert into stock (product_id, storage_id, amount) values (113, 10, 35);
insert into stock (product_id, storage_id, amount) values (187, 1, 219);
insert into stock (product_id, storage_id, amount) values (197, 5, 122);
insert into stock (product_id, storage_id, amount) values (36, 18, 93);
insert into stock (product_id, storage_id, amount) values (38, 9, 12);
insert into stock (product_id, storage_id, amount) values (124, 17, 69);
insert into stock (product_id, storage_id, amount) values (93, 15, 37);
insert into stock (product_id, storage_id, amount) values (165, 6, 140);
insert into stock (product_id, storage_id, amount) values (54, 16, 25);
insert into stock (product_id, storage_id, amount) values (176, 3, 142);
insert into stock (product_id, storage_id, amount) values (97, 19, 216);
insert into stock (product_id, storage_id, amount) values (41, 18, 170);
insert into stock (product_id, storage_id, amount) values (172, 10, 43);
insert into stock (product_id, storage_id, amount) values (180, 12, 212);
insert into stock (product_id, storage_id, amount) values (140, 15, 11);
insert into stock (product_id, storage_id, amount) values (54, 20, 152);
insert into stock (product_id, storage_id, amount) values (160, 9, 128);
insert into stock (product_id, storage_id, amount) values (51, 2, 219);
insert into stock (product_id, storage_id, amount) values (116, 6, 127);
insert into stock (product_id, storage_id, amount) values (165, 9, 58);
insert into stock (product_id, storage_id, amount) values (47, 12, 206);
insert into stock (product_id, storage_id, amount) values (1, 15, 206);
insert into stock (product_id, storage_id, amount) values (193, 18, 240);
insert into stock (product_id, storage_id, amount) values (94, 14, 68);
insert into stock (product_id, storage_id, amount) values (162, 8, 54);
insert into stock (product_id, storage_id, amount) values (47, 17, 62);
insert into stock (product_id, storage_id, amount) values (145, 20, 206);
insert into stock (product_id, storage_id, amount) values (67, 4, 211);
insert into stock (product_id, storage_id, amount) values (173, 13, 209);
insert into stock (product_id, storage_id, amount) values (41, 12, 170);
insert into stock (product_id, storage_id, amount) values (14, 5, 70);
insert into stock (product_id, storage_id, amount) values (63, 15, 109);
insert into stock (product_id, storage_id, amount) values (54, 8, 54);
insert into stock (product_id, storage_id, amount) values (81, 17, 42);
insert into stock (product_id, storage_id, amount) values (131, 3, 32);
insert into stock (product_id, storage_id, amount) values (25, 2, 51);
insert into stock (product_id, storage_id, amount) values (141, 15, 20);
insert into stock (product_id, storage_id, amount) values (72, 14, 121);
insert into stock (product_id, storage_id, amount) values (95, 16, 103);
insert into stock (product_id, storage_id, amount) values (61, 12, 134);
insert into stock (product_id, storage_id, amount) values (15, 3, 140);
insert into stock (product_id, storage_id, amount) values (147, 1, 160);
insert into stock (product_id, storage_id, amount) values (191, 18, 180);
insert into stock (product_id, storage_id, amount) values (127, 7, 209);
insert into stock (product_id, storage_id, amount) values (56, 11, 84);
insert into stock (product_id, storage_id, amount) values (16, 16, 12);
insert into stock (product_id, storage_id, amount) values (165, 17, 64);
insert into stock (product_id, storage_id, amount) values (2, 4, 22);
insert into stock (product_id, storage_id, amount) values (84, 12, 155);
insert into stock (product_id, storage_id, amount) values (143, 18, 58);
insert into stock (product_id, storage_id, amount) values (186, 3, 90);
insert into stock (product_id, storage_id, amount) values (123, 19, 166);
insert into stock (product_id, storage_id, amount) values (134, 3, 36);
insert into stock (product_id, storage_id, amount) values (34, 9, 84);
insert into stock (product_id, storage_id, amount) values (162, 16, 125);
insert into stock (product_id, storage_id, amount) values (188, 3, 200);
insert into stock (product_id, storage_id, amount) values (18, 17, 52);
insert into stock (product_id, storage_id, amount) values (95, 4, 34);
insert into stock (product_id, storage_id, amount) values (121, 1, 48);
insert into stock (product_id, storage_id, amount) values (10, 7, 39);
insert into stock (product_id, storage_id, amount) values (181, 14, 77);
insert into stock (product_id, storage_id, amount) values (98, 4, 20);
insert into stock (product_id, storage_id, amount) values (4, 16, 132);
insert into stock (product_id, storage_id, amount) values (191, 14, 40);
insert into stock (product_id, storage_id, amount) values (84, 11, 35);
insert into stock (product_id, storage_id, amount) values (31, 16, 38);
insert into stock (product_id, storage_id, amount) values (190, 17, 97);
insert into stock (product_id, storage_id, amount) values (77, 1, 46);
insert into stock (product_id, storage_id, amount) values (146, 11, 124);
insert into stock (product_id, storage_id, amount) values (55, 19, 152);
insert into stock (product_id, storage_id, amount) values (76, 11, 234);
insert into stock (product_id, storage_id, amount) values (121, 8, 53);
insert into stock (product_id, storage_id, amount) values (35, 13, 174);
insert into stock (product_id, storage_id, amount) values (199, 9, 221);
insert into stock (product_id, storage_id, amount) values (173, 4, 141);
insert into stock (product_id, storage_id, amount) values (58, 9, 6);
insert into stock (product_id, storage_id, amount) values (35, 1, 86);
insert into stock (product_id, storage_id, amount) values (197, 16, 75);
insert into stock (product_id, storage_id, amount) values (73, 9, 53);
insert into stock (product_id, storage_id, amount) values (84, 20, 219);
insert into stock (product_id, storage_id, amount) values (115, 5, 67);
insert into stock (product_id, storage_id, amount) values (32, 14, 164);
insert into stock (product_id, storage_id, amount) values (82, 15, 62);
insert into stock (product_id, storage_id, amount) values (194, 14, 10);
insert into stock (product_id, storage_id, amount) values (184, 15, 135);
insert into stock (product_id, storage_id, amount) values (24, 17, 64);
insert into stock (product_id, storage_id, amount) values (8, 12, 13);
insert into stock (product_id, storage_id, amount) values (78, 19, 193);
insert into stock (product_id, storage_id, amount) values (80, 14, 232);
insert into stock (product_id, storage_id, amount) values (92, 10, 65);
insert into stock (product_id, storage_id, amount) values (55, 1, 41);
insert into stock (product_id, storage_id, amount) values (5, 5, 148);
insert into stock (product_id, storage_id, amount) values (40, 10, 146);
insert into stock (product_id, storage_id, amount) values (11, 20, 182);

insert into "order" (id, employee_id, status) values (2, 38, 'delivered');
insert into "order" (id, employee_id, status) values (1, 35, 'shipped');
insert into "order" (id, employee_id, status) values (3, 53, 'shipped');
insert into "order" (id, employee_id, status) values (4, 44, 'delivered');
insert into "order" (id, employee_id, status) values (5, 33, 'delivered');
insert into "order" (id, employee_id, status) values (7, 45, 'processing');
insert into "order" (id, employee_id, status) values (8, 51, 'delivered');
insert into "order" (id, employee_id, status) values (6, NULL, 'waiting');
insert into "order" (id, employee_id, status) values (9, NULL, 'waiting');
insert into "order" (id, employee_id, status) values (10, 60, 'shipped');
insert into "order" (id, employee_id, status) values (11, 47, 'shipped');
insert into "order" (id, employee_id, status) values (12, 56, 'shipped');



insert into shipment (id, shipment_date, reception_date, distance, address_id, shipment_type_id) values (8, '2022-04-03 13:43:20', null, 569.71373, 19, 3);
insert into shipment (id, shipment_date, reception_date, distance, address_id, shipment_type_id) values (10, '2022-07-21 08:02:06', null, 135.8015, 37, 2);
insert into shipment (id, shipment_date, reception_date, distance, address_id, shipment_type_id) values (9, '2022-07-04 04:40:39', null, 798.1715, 51, 1);
insert into shipment (id, shipment_date, reception_date, distance, address_id, shipment_type_id) values (4, '2022-05-15 12:49:27', null, 569.7094, 7, 4);
insert into shipment (id, shipment_date, reception_date, distance, address_id, shipment_type_id) values (1, '2022-05-24 14:04:12', '2023-01-12 10:08:39', 616.72763, 40, 3);
insert into shipment (id, shipment_date, reception_date, distance, address_id, shipment_type_id) values (5, '2022-06-10 06:38:42', '2023-01-06 07:08:39', 739.12758, 63, 3);
insert into shipment (id, shipment_date, reception_date, distance, address_id, shipment_type_id) values (7, '2022-04-20 13:50:36', null, 693.69008, 63, 3);
insert into shipment (id, shipment_date, reception_date, distance, address_id, shipment_type_id) values (2, '2022-03-20 15:55:36', '2025-01-06 07:08:39', 257.68008, 2, 4);
insert into shipment (id, shipment_date, reception_date, distance, address_id, shipment_type_id) values (11, '2022-05-22 14:56:36', '2022-06-06 08:30:39', 1827.1231, 2, 3);
insert into shipment (id, shipment_date, reception_date, distance, address_id, shipment_type_id) values (12, '2022-05-22 14:56:36', '2022-06-06 08:30:39', 123.1231, 63, 2);



insert into payment_mb_way (id, payment_value, payment_phone_number) values (8, 13.43, '2237190123');
insert into payment_mb_way (id, payment_value, payment_phone_number) values (10, 3.84, '2735847086');
insert into payment_mb_way (id, payment_value, payment_phone_number) values (2, 11.88, '9615238163');
insert into payment_mb_way (id, payment_value, payment_phone_number) values (4, 19.1, '8084323723');
insert into payment_mb_way (id, payment_value, payment_phone_number) values (11, 147.88, '9615238163');
insert into payment_mb_way (id, payment_value, payment_phone_number) values (12, 13.88, '7494418075');


insert into payment_credit_card (id, payment_value, card_number, card_name, code) values (1, 84.13, '4053102049', 'Conrade Shergold', 564);
insert into payment_credit_card (id, payment_value, card_number, card_name, code) values (5, 47.6, '2928616322', 'Woodie Sporgeon', 788);
insert into payment_credit_card (id, payment_value, card_number, card_name, code) values (7, 4.23, '7494418075', 'Joli Yeo', 30);

insert into review (order_id, product_id, title, description, rating) values (1, 57, 'Blot, The', 'Cross-group global synergy', 0.2);
insert into review (order_id, product_id, title, description, rating) values (2, 114, 'Killer Inside Me, The', 'User-friendly background project', 0.1);
insert into review (order_id, product_id, title, description, rating) values (3, 188, 'Sonny Boy', 'Advanced empowering data-warehouse', 1.9);
insert into review (order_id, product_id, title, description, rating) values (4, 94, 'Interpreter, The', 'Configurable neutral array', 1.2);
insert into review (order_id, product_id, title, description, rating) values (5, 130, 'Intersection', 'Streamlined motivating function', 2.0);
insert into review (order_id, product_id, title, description, rating) values (6, 37, 'Hostel: Part III ', 'Reverse-engineered scalable focus group', 2.9);
insert into review (order_id, product_id, title, description, rating) values (7, 5, 'Fallen Idol, The', 'Optional context-sensitive paradigm', 0.9);
insert into review (order_id, product_id, title, description, rating) values (8, 121, 'Locked Out (Enfermés dehors)', 'Up-sized radical protocol', 2.7);
insert into review (order_id, product_id, title, description, rating) values (9, 31, 'Man of My Life, The (L''homme de sa vie)', 'Optional motivating capability', 2.2);
	
insert into review (order_id, product_id, title, description, rating) values (2, 172, 'Guide for the Married Man, A', 'Function-based context-sensitive protocol', 1.052);
insert into review (order_id, product_id, title, description, rating) values (5, 69, 'Hunchback of Notre Dame, The (Notre Dame de Paris)', 'Programmable asymmetric open architecture', 2.259);
insert into review (order_id, product_id, title, description, rating) values (12, 2, 'One-Way Ticket to Mombasa (Menolippu Mombasaan)', 'Configurable maximized encryption', 2.807);
insert into review (order_id, product_id, title, description, rating) values (7, 4, 'First Time, The', 'Expanded high-level frame', 1.677);
insert into review (order_id, product_id, title, description, rating) values (3, 161, 'Maniac Cop 2', 'Exclusive interactive solution', 3.236);
insert into review (order_id, product_id, title, description, rating) values (8, 107, 'Closure', 'Managed attitude-oriented superstructure', 4.066);
insert into review (order_id, product_id, title, description, rating) values (2, 140, 'Ten Seconds to Hell', 'Triple-buffered even-keeled strategy', 4.84);
insert into review (order_id, product_id, title, description, rating) values (3, 48, 'American Buffalo', 'Self-enabling national attitude', 3.886);
insert into review (order_id, product_id, title, description, rating) values (7, 191, 'Freaked', 'Integrated bi-directional approach', 1.755);
insert into review (order_id, product_id, title, description, rating) values (10, 162, 'Apart from You (After Our Separation) (Kimi to wakarete)', 'Quality-focused 24/7 archive', 3.126);
insert into review (order_id, product_id, title, description, rating) values (5, 116, 'The Fox and the Hare', 'Organic secondary superstructure', 4.008);
insert into review (order_id, product_id, title, description, rating) values (11, 150, 'Letter, The (La lettre)', 'Team-oriented transitional flexibility', 1.981);
insert into review (order_id, product_id, title, description, rating) values (8, 159, 'Give My Regards to Broad Street', 'Multi-lateral intangible middleware', 2.357);
insert into review (order_id, product_id, title, description, rating) values (11, 91, 'Sheik, The', 'Focused next generation success', 3.727);
insert into review (order_id, product_id, title, description, rating) values (6, 143, 'Blood from the Mummy''s Tomb', 'Fundamental uniform flexibility', 1.045);
insert into review (order_id, product_id, title, description, rating) values (7, 111, 'Son of Paleface', 'Customizable system-worthy approach', 4.924);
insert into review (order_id, product_id, title, description, rating) values (1, 131, 'Love & Pop', 'Business-focused systemic middleware', 3.762);
insert into review (order_id, product_id, title, description, rating) values (2, 52, 'Witch Who Came from the Sea, The', 'Balanced background Graphical User Interface', 0.863);
insert into review (order_id, product_id, title, description, rating) values (3, 114, 'Derek', 'Fundamental optimizing middleware', 2.685);
insert into review (order_id, product_id, title, description, rating) values (9, 120, 'Kings of Mykonos, The', 'Upgradable fault-tolerant pricing structure', 3.533);
insert into review (order_id, product_id, title, description, rating) values (5, 113, 'Woman''s Tale, A', 'Fully-configurable solution-oriented artificial intelligence', 1.93);
insert into review (order_id, product_id, title, description, rating) values (11, 172, 'Zatoichi Goes to the Fire Festival', 'Team-oriented maximized throughput', 1.49);
insert into review (order_id, product_id, title, description, rating) values (9, 187, 'Flesh Merchant, The (Wild and Wicked, The)', 'Face to face logistical archive', 3.613);
insert into review (order_id, product_id, title, description, rating) values (7, 140, 'Susan Lenox (Her Fall and Rise)', 'Down-sized transitional alliance', 4.691);
insert into review (order_id, product_id, title, description, rating) values (1, 190, 'Somewhere in the Night', 'Reactive regional interface', 4.177);
insert into review (order_id, product_id, title, description, rating) values (2, 77, 'Heart and Souls', 'Profit-focused incremental access', 2.031);
insert into review (order_id, product_id, title, description, rating) values (10, 46, 'Delicatessen', 'Inverse zero administration hub', 1.448);
insert into review (order_id, product_id, title, description, rating) values (11, 154, 'In Your Eyes', 'Balanced transitional projection', 0.866);
insert into review (order_id, product_id, title, description, rating) values (8, 72, 'Beyond the Poseidon Adventure', 'Reduced reciprocal focus group', 2.264);
insert into review (order_id, product_id, title, description, rating) values (3, 58, 'The Aggression Scale', 'Focused hybrid challenge', 1.524);
insert into review (order_id, product_id, title, description, rating) values (11, 137, 'Patriot, The', 'Cross-group analyzing software', 2.622);
insert into review (order_id, product_id, title, description, rating) values (7, 174, 'One Man Band', 'Inverse cohesive pricing structure', 1.385);
insert into review (order_id, product_id, title, description, rating) values (5, 176, 'Loss of a Teardrop Diamond, The', 'Right-sized hybrid groupware', 4.945);
insert into review (order_id, product_id, title, description, rating) values (11, 179, 'Gerhard Richter Painting', 'Face to face regional flexibility', 2.657);
insert into review (order_id, product_id, title, description, rating) values (12, 105, 'Coco Chanel & Igor Stravinsky', 'Function-based static structure', 2.723);
insert into review (order_id, product_id, title, description, rating) values (10, 18, 'Seeing Other People', 'Front-line multi-state architecture', 1.485);
insert into review (order_id, product_id, title, description, rating) values (4, 169, 'Mrs. Parkington', 'Phased 24/7 function', 0.921);
insert into review (order_id, product_id, title, description, rating) values (1, 119, 'Lenny', 'Customer-focused systematic conglomeration', 1.534);
insert into review (order_id, product_id, title, description, rating) values (6, 130, 'American Friend, The (Amerikanische Freund, Der)', 'Quality-focused local adapter', 1.221);
insert into review (order_id, product_id, title, description, rating) values (9, 200, 'On the Road', 'Diverse 4th generation Graphic Interface', 1.479);
insert into review (order_id, product_id, title, description, rating) values (2, 15, 'Kicked in the Head', 'Proactive human-resource neural-net', 1.236);
insert into review (order_id, product_id, title, description, rating) values (11, 25, 'Kamikaze', 'Organic maximized emulation', 2.084);
insert into review (order_id, product_id, title, description, rating) values (3, 60, 'Cavemen', 'Future-proofed cohesive software', 3.56);
insert into review (order_id, product_id, title, description, rating) values (12, 30, 'Divine Secrets of the Ya-Ya Sisterhood', 'De-engineered web-enabled capability', 3.367);
insert into review (order_id, product_id, title, description, rating) values (11, 63, 'Big Fan', 'Ergonomic asynchronous adapter', 0.656);
insert into review (order_id, product_id, title, description, rating) values (9, 84, 'Young Man with a Horn', 'Ameliorated optimal product', 0.015);
insert into review (order_id, product_id, title, description, rating) values (10, 73, 'Book of Love', 'Devolved mobile adapter', 3.929);
insert into review (order_id, product_id, title, description, rating) values (6, 190, 'Bachelor Party Vegas', 'Face to face bi-directional implementation', 0.597);
insert into review (order_id, product_id, title, description, rating) values (3, 193, 'Kanal', 'Up-sized content-based database', 3.895);
insert into review (order_id, product_id, title, description, rating) values (10, 120, 'Phantom (O Fantasma)', 'Stand-alone contextually-based frame', 4.384);


insert into product_category_applied (product_id, category_id) values (1, 29);
insert into product_category_applied (product_id, category_id) values (2, 12);
insert into product_category_applied (product_id, category_id) values (3, 18);
insert into product_category_applied (product_id, category_id) values (4, 12);
insert into product_category_applied (product_id, category_id) values (5, 29);
insert into product_category_applied (product_id, category_id) values (6, 20);
insert into product_category_applied (product_id, category_id) values (7, 29);
insert into product_category_applied (product_id, category_id) values (8, 27);
insert into product_category_applied (product_id, category_id) values (9, 25);
insert into product_category_applied (product_id, category_id) values (10, 8);
insert into product_category_applied (product_id, category_id) values (11, 24);
insert into product_category_applied (product_id, category_id) values (12, 19);
insert into product_category_applied (product_id, category_id) values (13, 8);
insert into product_category_applied (product_id, category_id) values (14, 11);
insert into product_category_applied (product_id, category_id) values (15, 10);
insert into product_category_applied (product_id, category_id) values (16, 23);
insert into product_category_applied (product_id, category_id) values (17, 27);
insert into product_category_applied (product_id, category_id) values (18, 20);
insert into product_category_applied (product_id, category_id) values (19, 13);
insert into product_category_applied (product_id, category_id) values (20, 2);
insert into product_category_applied (product_id, category_id) values (21, 10);
insert into product_category_applied (product_id, category_id) values (22, 20);
insert into product_category_applied (product_id, category_id) values (23, 12);
insert into product_category_applied (product_id, category_id) values (24, 27);
insert into product_category_applied (product_id, category_id) values (25, 10);
insert into product_category_applied (product_id, category_id) values (26, 25);
insert into product_category_applied (product_id, category_id) values (27, 27);
insert into product_category_applied (product_id, category_id) values (28, 5);
insert into product_category_applied (product_id, category_id) values (29, 5);
insert into product_category_applied (product_id, category_id) values (30, 25);
insert into product_category_applied (product_id, category_id) values (31, 19);
insert into product_category_applied (product_id, category_id) values (32, 20);
insert into product_category_applied (product_id, category_id) values (33, 17);
insert into product_category_applied (product_id, category_id) values (34, 7);
insert into product_category_applied (product_id, category_id) values (35, 26);
insert into product_category_applied (product_id, category_id) values (36, 2);
insert into product_category_applied (product_id, category_id) values (37, 6);
insert into product_category_applied (product_id, category_id) values (38, 2);
insert into product_category_applied (product_id, category_id) values (39, 26);
insert into product_category_applied (product_id, category_id) values (40, 20);
insert into product_category_applied (product_id, category_id) values (41, 2);
insert into product_category_applied (product_id, category_id) values (42, 26);
insert into product_category_applied (product_id, category_id) values (43, 11);
insert into product_category_applied (product_id, category_id) values (44, 18);
insert into product_category_applied (product_id, category_id) values (45, 12);
insert into product_category_applied (product_id, category_id) values (46, 20);
insert into product_category_applied (product_id, category_id) values (47, 16);
insert into product_category_applied (product_id, category_id) values (48, 10);
insert into product_category_applied (product_id, category_id) values (49, 9);
insert into product_category_applied (product_id, category_id) values (50, 17);
insert into product_category_applied (product_id, category_id) values (51, 30);
insert into product_category_applied (product_id, category_id) values (52, 8);
insert into product_category_applied (product_id, category_id) values (53, 1);
insert into product_category_applied (product_id, category_id) values (54, 7);
insert into product_category_applied (product_id, category_id) values (55, 11);
insert into product_category_applied (product_id, category_id) values (56, 4);
insert into product_category_applied (product_id, category_id) values (57, 13);
insert into product_category_applied (product_id, category_id) values (58, 16);
insert into product_category_applied (product_id, category_id) values (59, 12);
insert into product_category_applied (product_id, category_id) values (60, 14);
insert into product_category_applied (product_id, category_id) values (61, 7);
insert into product_category_applied (product_id, category_id) values (62, 1);
insert into product_category_applied (product_id, category_id) values (63, 3);
insert into product_category_applied (product_id, category_id) values (64, 15);
insert into product_category_applied (product_id, category_id) values (65, 17);
insert into product_category_applied (product_id, category_id) values (66, 17);
insert into product_category_applied (product_id, category_id) values (67, 11);
insert into product_category_applied (product_id, category_id) values (68, 6);
insert into product_category_applied (product_id, category_id) values (69, 12);
insert into product_category_applied (product_id, category_id) values (70, 19);
insert into product_category_applied (product_id, category_id) values (71, 13);
insert into product_category_applied (product_id, category_id) values (72, 3);
insert into product_category_applied (product_id, category_id) values (73, 10);
insert into product_category_applied (product_id, category_id) values (74, 5);
insert into product_category_applied (product_id, category_id) values (75, 21);
insert into product_category_applied (product_id, category_id) values (76, 6);
insert into product_category_applied (product_id, category_id) values (77, 8);
insert into product_category_applied (product_id, category_id) values (78, 12);
insert into product_category_applied (product_id, category_id) values (79, 1);
insert into product_category_applied (product_id, category_id) values (80, 29);
insert into product_category_applied (product_id, category_id) values (81, 6);
insert into product_category_applied (product_id, category_id) values (82, 6);
insert into product_category_applied (product_id, category_id) values (83, 11);
insert into product_category_applied (product_id, category_id) values (84, 23);
insert into product_category_applied (product_id, category_id) values (85, 22);
insert into product_category_applied (product_id, category_id) values (86, 8);
insert into product_category_applied (product_id, category_id) values (87, 21);
insert into product_category_applied (product_id, category_id) values (88, 4);
insert into product_category_applied (product_id, category_id) values (89, 13);
insert into product_category_applied (product_id, category_id) values (90, 20);
insert into product_category_applied (product_id, category_id) values (91, 17);
insert into product_category_applied (product_id, category_id) values (92, 12);
insert into product_category_applied (product_id, category_id) values (93, 3);
insert into product_category_applied (product_id, category_id) values (94, 5);
insert into product_category_applied (product_id, category_id) values (95, 18);
insert into product_category_applied (product_id, category_id) values (96, 29);
insert into product_category_applied (product_id, category_id) values (97, 4);
insert into product_category_applied (product_id, category_id) values (98, 23);
insert into product_category_applied (product_id, category_id) values (99, 23);
insert into product_category_applied (product_id, category_id) values (100, 30);
insert into product_category_applied (product_id, category_id) values (101, 28);
insert into product_category_applied (product_id, category_id) values (102, 6);
insert into product_category_applied (product_id, category_id) values (103, 27);
insert into product_category_applied (product_id, category_id) values (104, 27);
insert into product_category_applied (product_id, category_id) values (105, 25);
insert into product_category_applied (product_id, category_id) values (106, 17);
insert into product_category_applied (product_id, category_id) values (107, 3);
insert into product_category_applied (product_id, category_id) values (108, 11);
insert into product_category_applied (product_id, category_id) values (109, 28);
insert into product_category_applied (product_id, category_id) values (110, 17);
insert into product_category_applied (product_id, category_id) values (111, 27);
insert into product_category_applied (product_id, category_id) values (112, 25);
insert into product_category_applied (product_id, category_id) values (113, 10);
insert into product_category_applied (product_id, category_id) values (114, 16);
insert into product_category_applied (product_id, category_id) values (115, 23);
insert into product_category_applied (product_id, category_id) values (116, 25);
insert into product_category_applied (product_id, category_id) values (117, 9);
insert into product_category_applied (product_id, category_id) values (118, 28);
insert into product_category_applied (product_id, category_id) values (119, 26);
insert into product_category_applied (product_id, category_id) values (120, 24);
insert into product_category_applied (product_id, category_id) values (121, 23);
insert into product_category_applied (product_id, category_id) values (122, 17);
insert into product_category_applied (product_id, category_id) values (123, 10);
insert into product_category_applied (product_id, category_id) values (124, 7);
insert into product_category_applied (product_id, category_id) values (125, 10);
insert into product_category_applied (product_id, category_id) values (126, 30);
insert into product_category_applied (product_id, category_id) values (127, 16);
insert into product_category_applied (product_id, category_id) values (128, 29);
insert into product_category_applied (product_id, category_id) values (129, 28);
insert into product_category_applied (product_id, category_id) values (130, 19);
insert into product_category_applied (product_id, category_id) values (131, 17);
insert into product_category_applied (product_id, category_id) values (132, 24);
insert into product_category_applied (product_id, category_id) values (133, 16);
insert into product_category_applied (product_id, category_id) values (134, 17);
insert into product_category_applied (product_id, category_id) values (135, 29);
insert into product_category_applied (product_id, category_id) values (136, 22);
insert into product_category_applied (product_id, category_id) values (137, 1);
insert into product_category_applied (product_id, category_id) values (138, 24);
insert into product_category_applied (product_id, category_id) values (139, 7);
insert into product_category_applied (product_id, category_id) values (140, 22);
insert into product_category_applied (product_id, category_id) values (141, 17);
insert into product_category_applied (product_id, category_id) values (142, 26);
insert into product_category_applied (product_id, category_id) values (143, 17);
insert into product_category_applied (product_id, category_id) values (144, 22);
insert into product_category_applied (product_id, category_id) values (145, 22);
insert into product_category_applied (product_id, category_id) values (146, 13);
insert into product_category_applied (product_id, category_id) values (147, 26);
insert into product_category_applied (product_id, category_id) values (148, 26);
insert into product_category_applied (product_id, category_id) values (149, 19);
insert into product_category_applied (product_id, category_id) values (150, 8);
insert into product_category_applied (product_id, category_id) values (151, 18);
insert into product_category_applied (product_id, category_id) values (152, 12);
insert into product_category_applied (product_id, category_id) values (153, 14);
insert into product_category_applied (product_id, category_id) values (154, 23);
insert into product_category_applied (product_id, category_id) values (155, 19);
insert into product_category_applied (product_id, category_id) values (156, 6);
insert into product_category_applied (product_id, category_id) values (157, 25);
insert into product_category_applied (product_id, category_id) values (158, 11);
insert into product_category_applied (product_id, category_id) values (159, 4);
insert into product_category_applied (product_id, category_id) values (160, 13);
insert into product_category_applied (product_id, category_id) values (161, 6);
insert into product_category_applied (product_id, category_id) values (162, 28);
insert into product_category_applied (product_id, category_id) values (163, 22);
insert into product_category_applied (product_id, category_id) values (164, 21);
insert into product_category_applied (product_id, category_id) values (165, 7);
insert into product_category_applied (product_id, category_id) values (166, 9);
insert into product_category_applied (product_id, category_id) values (167, 9);
insert into product_category_applied (product_id, category_id) values (168, 22);
insert into product_category_applied (product_id, category_id) values (169, 3);
insert into product_category_applied (product_id, category_id) values (170, 1);
insert into product_category_applied (product_id, category_id) values (171, 30);
insert into product_category_applied (product_id, category_id) values (172, 3);
insert into product_category_applied (product_id, category_id) values (173, 6);
insert into product_category_applied (product_id, category_id) values (174, 6);
insert into product_category_applied (product_id, category_id) values (175, 2);
insert into product_category_applied (product_id, category_id) values (176, 4);
insert into product_category_applied (product_id, category_id) values (177, 19);
insert into product_category_applied (product_id, category_id) values (178, 4);
insert into product_category_applied (product_id, category_id) values (179, 18);
insert into product_category_applied (product_id, category_id) values (180, 14);
insert into product_category_applied (product_id, category_id) values (181, 15);
insert into product_category_applied (product_id, category_id) values (182, 30);
insert into product_category_applied (product_id, category_id) values (183, 27);
insert into product_category_applied (product_id, category_id) values (184, 6);
insert into product_category_applied (product_id, category_id) values (185, 22);
insert into product_category_applied (product_id, category_id) values (186, 25);
insert into product_category_applied (product_id, category_id) values (187, 23);
insert into product_category_applied (product_id, category_id) values (188, 14);
insert into product_category_applied (product_id, category_id) values (189, 7);
insert into product_category_applied (product_id, category_id) values (190, 15);
insert into product_category_applied (product_id, category_id) values (191, 10);
insert into product_category_applied (product_id, category_id) values (192, 5);
insert into product_category_applied (product_id, category_id) values (193, 22);
insert into product_category_applied (product_id, category_id) values (194, 6);
insert into product_category_applied (product_id, category_id) values (195, 22);
insert into product_category_applied (product_id, category_id) values (196, 10);
insert into product_category_applied (product_id, category_id) values (197, 9);
insert into product_category_applied (product_id, category_id) values (198, 1);
insert into product_category_applied (product_id, category_id) values (199, 17);
insert into product_category_applied (product_id, category_id) values (200, 4);